Mineral,Name,SiO2,TiO2,Al2O3,V2O3,Cr2O3,MgO,CaO,MnO,FeO,NiO,Na2O,K2O,Total,Date,dataset
no,P3-6-2,0.04,0.05,31.79,10.33,0.12,16.77,0,0,0.01,25.44,0.15,0.14,84.85,2012-03-14 5:49,test
no,P4-9-6,0.05,0,40.51,12.62,0.14,17.54,0.01,0,0.01,28.74,0.17,0.12,99.9,2012-03-13 22:08,train
no,P4-9-7,0.06,0,40.55,12.64,0.15,16.78,0,0.01,0.01,28.84,0.17,0.14,99.36,2012-03-13 22:11,train
no,P4-1-4,0.97,0,40.68,12.15,0.15,17.23,0,0,0.01,29.19,0.16,0.19,100.72,2012-03-13 19:38,test
no,P3-9-5,0.04,0,32.29,12.29,0.15,15.86,0.03,0,0,31.16,0.07,0.09,91.98,2012-03-14 7:19,train
no,P3-8-2,0.06,0,34.49,11.32,0.12,17.45,0,0,0.01,31.17,0.13,0.12,94.87,2012-03-14 6:47,train
no,P1-14,0.08,0.03,38.03,11.08,0.13,18.32,0,0,0.01,31.56,0.13,0.19,99.55,2012-03-14 8:49,train
no,P4-18-3,0.05,0,37.39,11.19,0.12,17.56,0,0,0.01,32.66,0.13,0.17,99.27,2012-03-14 0:35,test
no,P3-8-5,0.08,0,35.61,12.31,0.16,16.56,0,0.01,0,33.08,0.09,0.12,98.03,2012-03-14 6:59,train
no,P4-22-17,0.03,0,37.11,12.89,0.13,16.27,0,0.01,0,33.31,0.1,0.09,99.94,2012-03-14 3:05,train
no,P3-9-2,0.03,0,35.76,13.21,0.16,16,0,0,0.01,34.7,0.11,0.07,100.04,2012-03-14 7:07,test
no,P3-9-3,0.04,0.01,35.51,12.98,0.14,16.12,0.04,0.01,0,34.85,0.07,0.08,99.85,2012-03-14 7:11,train
no,P1-17,0.09,3.86,9.14,24.37,0.35,13.22,0.15,0.01,0.01,48.09,0.14,0.16,99.59,2012-03-14 9:01,train
sp,LB9-2-33,0.24,0.19,44.07,0.1,21.19,19.07,0,0.27,13.82,0.04,0,0,99,2011-10-28,test
sp,LB9-2-18,0.37,0.36,38.41,0.12,26.92,18.24,0.02,0.36,14.48,0.1,0,0.02,99.38,2011-10-28,train
sp,LB5-2-27,0.08,-0.01,39.05,0.16,28.32,17.08,0.23,0.13,12.18,0.19,0.01,0.01,97.43,2011-10-28,train
sp,LB5-2-32,0.05,0,39.32,0.14,28.34,16.83,0.01,0.13,13.07,0.2,0,0.01,98.11,2011-10-28,test
sp,LB5-1-35,0.04,0.02,39.22,0.14,28.8,16.44,0,0.14,13.54,0.17,-0.01,0,98.51,2011-10-29,train
sp,LB5-2-33,0.02,0,38.83,0.13,29,16.42,0.01,0.15,13.65,0.18,0,0.01,98.4,2011-10-28,train
sp,LB5-1-8,0.04,0.01,38.82,0.14,29.01,16.81,0.02,0.13,13.26,0.16,0,0.01,98.42,2011-10-28,test
sp,LB5-1-37,0.03,0.02,38.52,0.14,29.86,16.08,0.02,0.13,13.73,0.19,0.02,0,98.73,2011-10-29,train
sp,LB5-1-50,0.04,0.01,38.34,0.13,30.02,16.16,0.05,0.12,13.65,0.16,0,0,98.7,2011-10-29,train
sp,LB9-1-123,0.35,0.21,37.24,0.13,30.15,17.07,0,0.26,15.1,0.04,0.02,0.02,100.57,2011-10-28 1:13,test
sp,LB5-2-7,0.01,0.01,36.94,0.14,31.37,16.01,0.02,0.17,14.03,0.14,0,0.01,98.86,2011-10-28,train
sp,LB5-1-52,0.02,0.03,36.58,0.14,31.88,15.86,0.01,0.16,14.1,0.16,0,0,98.94,2011-10-29,train
sp,LB9-1-60,0.15,0.76,30.51,0.17,35.48,17.36,0,0.16,14.35,0.23,0.01,0.04,99.22,2011-10-27 21:20,test
sp,LB9-1-81,1.65,0.68,29.43,0.17,36,16.63,0,0.24,14.72,0.16,0,0.03,99.72,2011-10-27 22:38,train
sp,LB9-1-72,0.59,0.6,29.84,0.2,36.95,15.75,0.01,0.29,15.1,0.14,0.01,0.06,99.52,2011-10-27 22:05,train
sp,LB9-1-79,0.2,0.82,28.6,0.2,37.32,16.94,0.01,0.19,14.86,0.16,-0.01,0.02,99.32,2011-10-27 22:30,test
sp,LB9-1-82,1.21,0.77,26.19,0.15,37.54,16.88,0.19,0.22,15.2,0.15,0,0.01,98.52,2011-10-27 22:41,train
sp,LB9-1-59,0.17,0.75,28.62,0.19,37.56,16.55,0,0.22,14.47,0.22,0.01,0.04,98.79,2011-10-27 21:16,train
sp,LB9-1-77,0.79,0.81,27.39,0.15,37.93,16.87,0.01,0.25,14.79,0.14,0,0.09,99.23,2011-10-27 22:23,train
sp,LB9-1-92,1.47,0.52,25.4,0.18,37.96,16.14,0.02,0.33,16.36,0.09,0,0.05,98.54,2011-10-27 23:19,train
sp,LB9-1-80,0.17,0.42,28.33,0.18,38.33,16.23,0,0.29,15.47,0.11,0.03,0.01,99.58,2011-10-27 22:34,test
sp,LB9-1-45,0.14,0.35,28.51,0.15,38.4,16.24,0.01,0.24,15.19,0.12,0,0.04,99.39,2011-10-27 20:25,train
sp,LB9-1-74,0.13,0.92,26.27,0.2,39.61,16.94,0,0.21,14.98,0.17,0.01,0.02,99.47,2011-10-27 22:12,train
sp,LB9-1-75,0.14,0.92,26.4,0.2,39.73,16.71,0.01,0.19,14.79,0.17,-0.01,0.04,99.31,2011-10-27 22:16,train
sp,LB9-1-73,0.44,1.11,25.75,0.22,39.97,16.84,0.06,0.21,14.96,0.2,0,0.01,99.75,2011-10-27 22:08,test
sp,LB9-1-76,0.6,1.31,24.58,0.22,40.25,17.46,0.05,0.17,15.04,0.2,-0.01,0.02,99.91,2011-10-27 22:19,train
sp,LB15-20,0.04,0.03,30.42,0.18,40.52,15.16,0,0.16,13.19,0.09,0.06,0.03,99.89,2012-02-17 6:09,train
sp,LB15-26,0.01,0,30.24,0.19,40.53,16.14,0,0.17,12.44,0.11,0,0.01,99.85,2012-02-17 6:32,test
sp,LB15-21,0.01,0.02,30.09,0.19,40.77,15.04,0,0.18,13.63,0.06,0,0.01,100.01,2012-02-17 6:13,train
sp,LB15-23,0.03,0.01,30.05,0.21,40.87,15.01,0,0.17,13.38,0.07,0,0.01,99.79,2012-02-17 6:20,train
sp,LB9-1-46,0.15,1.12,24.33,0.21,41.57,15.94,0.01,0.21,15.41,0.19,0.01,0.01,99.17,2011-10-27 20:29,train
sp,LB15-6,0.08,0,27.96,0.2,42.06,15.48,0.17,0.17,13.18,0.07,0,0.01,99.39,2012-02-17 5:14,test
chr,LB9-1-31,0.13,2.69,9.5,0.1,43.84,12.92,0.02,0.41,27.24,0.18,-0.01,0.04,97.07,2011-10-27 19:33,train
sp,LB7-58,0.05,0.05,21.87,0.18,47.69,14.73,0.01,0.19,13.69,0.11,-0.01,0,98.57,2011-10-29,train
chr,LB1-5,0.04,0.13,9.78,0.3,59.01,11.16,0,0.26,19.18,0.06,0.01,0.01,99.93,2011-10-29,test
chr,LB1-6,0.02,0.11,9.32,0.31,59.16,9.92,0.01,0.24,19.33,0.06,0,0.01,98.51,2011-10-29,train
chr,LB1-3,0.03,0.15,9.46,0.29,59.39,10.6,0.01,0.28,18.75,0.07,0.01,0.02,99.06,2011-10-29,train
cpx,LB10-47,54.71,0,2.1,0,0.87,16.87,23.27,0.07,1.24,0.04,0.93,0,100.11,2012-02-21 16:17,test
cpx,LB11-18,53.41,0.01,2.37,0.03,1.09,16.92,23.06,0.09,1.16,0.04,1.08,0.01,99.26,2012-03-02 18:07,train
cpx,LB10-55,54.4,0.01,2.29,0.03,0.91,16.99,23.2,0.06,1.17,0.01,1.01,0.01,100.09,2012-02-21 16:48,train
cpx,LB10-65,54.58,0.02,1.94,0.01,0.79,17.12,23.35,0.05,1.29,0.07,0.83,0.01,100.08,2012-02-21 17:27,test
cpx,LB7-41,54.4,0.03,1.41,0.02,0.8,17.16,23.19,0.05,1.44,0.03,0.71,0,99.25,2011-10-29,train
cpx,LB10-56,54.84,0.01,1.93,0.01,0.82,17.18,23.46,0.04,1.12,0.03,0.9,0,100.34,2012-02-21 16:52,train
cpx,LB10-46,54.7,0.02,2.18,0.03,0.87,17.33,22.68,0.07,1.44,0.02,0.87,0,100.22,2012-02-21 16:13,test
cpx,LB5-1-16,53.16,-0.01,1.43,0.03,0.63,17.36,24.2,0.06,1.51,0.05,0.39,0.01,98.83,2011-10-28,train
cpx,LB12-50,54.1,0.01,2.15,0,0.81,17.36,23.93,0.04,1.27,0.03,0.57,0,100.27,2012-02-16 23:14,train
cpx,LB5-1-1,53.72,0,1.13,0.03,0.6,17.42,24.29,0.06,1.39,0.05,0.3,0,99.01,2011-10-28,test
cpx,LB5-1-25,53.17,0,1.29,0.03,0.62,17.42,24.26,0.06,1.39,0.04,0.42,0,98.71,2011-10-28,train
cpx,LB3-5,53.41,0,2.11,0.02,0.57,17.42,23.21,0.06,1.48,0.05,0.75,0,99.08,2012-02-18 1:52,train
cpx,LB12-49,54.23,0.02,1.96,0.03,0.65,17.45,24.15,0.06,1.27,0.03,0.55,0,100.4,2012-02-16 23:11,test
cpx,LB5-1-49,53.89,0.02,1.15,0.02,0.49,17.46,24.3,0.07,1.33,0.05,0.34,0,99.13,2011-10-29,train
cpx,P4-10-1,55.71,0,2.06,1.47,0.07,17.46,23.46,0.66,0.01,0.62,0.05,0.01,101.58,2012-03-13 22:15,train
cpx,LB5-1-51,53.72,0,1.18,0.03,0.79,17.48,24.14,0.06,1.43,0.05,0.35,0.01,99.24,2011-10-29,test
cpx,LB5-1-2,53.78,0.01,1.23,0.01,0.54,17.49,24.16,0.06,1.35,0.03,0.35,0,99.01,2011-10-28,train
cpx,LB5-1-30,53.65,0.01,1.21,0.02,0.56,17.5,24.19,0.07,1.35,0.04,0.33,0,98.93,2011-10-29,train
cpx,LB5-1-47,54.01,0.01,1.15,0.01,0.45,17.52,24.24,0.05,1.39,0.05,0.31,0.01,99.19,2011-10-29,test
cpx,LB3-29,53.26,0,1.9,0.04,0.55,17.52,23.26,0.08,1.5,0.04,0.75,0.01,98.91,2012-02-18 3:26,test
cpx,LB15-24,54.33,0,1.81,0.02,0.81,17.52,23.56,0.06,1.26,0.03,0.69,0,100.09,2012-02-17 6:24,train
cpx,LB11-17,54.57,0,1.54,0.03,0.58,17.53,23.58,0.06,1.22,0.03,0.75,0,99.89,2012-02-21 18:58,train
cpx,LB3-25,53.08,0,2.08,0.03,0.53,17.55,23.38,0.07,1.46,0.05,0.77,0.01,99.01,2012-02-18 3:11,test
cpx,LB15-47,54.78,0,1.68,0.02,0.89,17.55,23.78,0.06,1.22,0.03,0.71,0,100.71,2012-02-17 7:53,train
cpx,LB15-5,54.28,0.01,1.63,0.02,0.74,17.56,23.82,0.06,1.2,0.04,0.67,0.01,100.05,2012-02-17 5:10,train
cpx,LB3-34,53.2,0,1.93,0.01,0.62,17.57,23.55,0.08,1.52,0.05,0.71,0,99.25,2012-02-18 3:46,test
cpx,LB3-13,53.09,0.01,1.96,0.02,0.6,17.57,23.23,0.05,1.42,0.03,0.73,0,98.71,2012-02-18 2:24,train
cpx,LB10-57,54.59,0.02,2.11,0.02,0.79,17.58,22.89,0.05,1.46,0.02,0.82,0.01,100.36,2012-02-21 16:56,train
cpx,LB12-96,53.85,0.02,1.8,0.01,0.67,17.59,24.14,0.08,1.22,0.03,0.49,0,99.9,2012-02-17 2:12,test
cpx,LB5-1-31,53.72,0.01,1.11,0,0.49,17.6,24.2,0.05,1.33,0.03,0.32,0,98.86,2011-10-29,train
cpx,LB5-1-33,53.6,-0.01,1.15,0.01,0.52,17.6,24.15,0.06,1.42,0.05,0.33,0.01,98.88,2011-10-29,train
cpx,LB3-48,53.1,0.01,2,0.03,0.62,17.6,23.39,0.08,1.53,0.08,0.73,0,99.16,2012-02-18 4:41,test
cpx,LB12-24,54.18,0,1.87,0.01,0.68,17.6,23.95,0.06,1.29,0.04,0.54,0,100.22,2012-02-16 21:35,train
cpx,LB3-60,53.23,0.01,1.93,0.01,0.58,17.6,23.44,0.07,1.48,0.02,0.68,0,99.06,2012-02-18 5:29,train
cpx,LB3-24,53.27,0,2.04,0,0.68,17.62,23.33,0.06,1.56,0.03,0.74,0,99.34,2012-02-18 3:07,test
cpx,LB12-52,54.17,0,1.4,0.01,0.61,17.62,24.23,0.06,1.24,0.03,0.43,0,99.79,2012-02-16 23:22,train
cpx,LB3-12,53.65,0,2.02,0.03,0.53,17.62,23.41,0.09,1.53,0.06,0.72,0.01,99.67,2012-02-18 2:20,train
cpx,LB5-1-28,53.98,0.02,1.05,0,0.26,17.64,24.28,0.07,1.32,0.05,0.31,0,98.98,2011-10-29,train
cpx,P4-18-2,55.44,0.02,1.93,1.44,0.05,17.64,23.79,0.45,0.01,0.72,0.06,0.03,101.57,2012-03-14 0:31,test
cpx,LB12-59,53.43,0.01,1.76,0.02,0.73,17.64,23.78,0.07,1.31,0.05,0.52,0,99.32,2012-02-16 23:50,train
cpx,LB5-2-21,53.14,0.02,1.02,0,0.32,17.65,24.4,0.05,1.32,0.05,0.27,0.01,98.26,2011-10-28,train
cpx,LB15-16,54.25,-0.01,1.59,0.02,0.74,17.65,23.68,0.08,1.33,0.04,0.67,0,100.05,2012-02-17 5:53,train
cpx,LB3-54,53.07,0.01,1.96,0.03,0.59,17.66,23.41,0.08,1.5,0.02,0.7,0,99.02,2012-02-18 5:05,train
cpx,LB16-106,53.3,0,1.27,0.02,1.51,17.67,23.56,0.07,1.47,0.04,0.5,0.01,99.43,2012-02-18 0:02,train
cpx,LB3-1,53.41,0,1.94,0.02,0.51,17.67,23.3,0.06,1.44,0.03,0.74,0,99.13,2012-02-18 1:36,train
cpx,LB5-1-44,54.33,-0.02,1.04,0.02,0.3,17.68,24.5,0.06,1.34,0.04,0.29,0.01,99.6,2011-10-29,test
cpx,LB12-104,54.11,0.01,1.59,0.03,0.59,17.68,24.24,0.05,1.22,0.03,0.46,0.01,100.03,2012-02-17 2:43,train
cpx,LB12-31,54.1,0,1.83,0.01,0.59,17.69,23.94,0.07,1.25,0.05,0.48,0,100.01,2012-02-16 22:02,train
cpx,LB16-44,54.1,0,1.39,0.02,0.81,17.7,23.99,0.05,1.19,0.05,0.48,0,99.77,2012-02-17 19:59,test
cpx,LB3-2,53.13,0,1.76,0.03,0.49,17.7,23.69,0.08,1.41,0.05,0.63,0,98.98,2012-02-18 1:40,train
cpx,P1-9,55.69,0,1.96,1.52,0.06,17.72,23.56,0.66,0,0.56,0.05,0.03,101.82,2012-03-14 8:29,train
cpx,LB5-1-27,53.79,0.01,0.98,0.02,0.22,17.72,24.34,0.06,1.31,0.04,0.27,0,98.76,2011-10-29,test
cpx,LB5-2-5,52.95,0,1.18,0.01,0.54,17.73,24.31,0.06,1.32,0.06,0.34,0.01,98.5,2011-10-28,train
cpx,LB3-8,53.78,0,1.97,0,0.59,17.74,23.51,0.07,1.4,0.02,0.72,0,99.79,2012-02-18 2:04,train
cpx,LB5-1-26,53.91,0.01,0.97,0.01,0.22,17.74,24.26,0.06,1.31,0.03,0.27,0.01,98.81,2011-10-29,test
cpx,LB3-57,53,0,1.82,0.03,0.5,17.75,23.46,0.07,1.42,0.03,0.71,0,98.78,2012-02-18 5:17,test
cpx,P4-10-2,54.72,0,1.95,1.51,0.08,17.76,23.47,0.65,0.01,0.62,0.03,0.03,100.84,2012-03-13 22:19,train
cpx,LB5-1-17,52.93,0.01,1.22,0.01,0.47,17.77,23.33,0.06,1.66,0.06,0.32,0.02,97.88,2011-10-28,train
cpx,LB5-1-34,53.84,-0.01,0.99,0.01,0.26,17.77,24.41,0.05,1.42,0.02,0.26,0,99.05,2011-10-29,test
cpx,LB15-52,54.71,0.02,1.4,0.01,0.68,17.77,23.8,0.05,1.36,0.05,0.61,0.01,100.48,2012-02-17 8:13,train
cpx,LB12-32,53.68,0.02,1.65,0.02,0.62,17.77,24.05,0.06,1.36,0.05,0.51,0,99.79,2012-02-16 22:06,train
cpx,LB5-1-6,53.76,0.03,1.04,0,0.58,17.81,24.27,0.06,1.5,0.06,0.31,0.02,99.43,2011-10-28,test
cpx,LB15-30,54.3,0.01,1.53,0.01,0.73,17.81,23.82,0.07,1.28,0.03,0.66,0.01,100.26,2012-02-17 6:47,train
cpx,LB5-2-28,53.23,0.01,1.04,0.01,0.28,17.82,24.39,0.08,1.3,0.03,0.27,0.01,98.47,2011-10-28,train
cpx,LB15-25,54.2,0.01,1.89,0.02,0.88,17.83,23.23,0.07,1.67,0.02,0.59,0.01,100.41,2012-02-17 6:28,test
cpx,LB13-29,53.36,0.02,1.04,0,0.3,17.85,24.24,0.08,1.36,0.04,0.3,0,98.58,2012-03-02 21:38,train
cpx,LB13-10,53.51,0.01,1.06,0.03,0.31,17.85,24.22,0.07,1.33,0.03,0.28,0,98.69,2012-03-02 20:26,train
cpx,LB15-45,54.72,0.03,1.43,0,0.66,17.85,23.69,0.06,1.41,0.04,0.58,0,100.48,2012-02-17 7:46,train
cpx,LB16-17,54.45,0,1.11,0.02,0.65,17.85,24,0.08,1.24,0.03,0.52,0,99.96,2012-02-17 18:14,test
cpx,LB16-68,53.59,0.01,1.24,0.02,0.66,17.87,23.94,0.04,1.36,0.04,0.48,0,99.25,2012-02-17 21:33,train
cpx,LB16-110,54.25,0,1.21,0.01,0.87,17.87,23.92,0.07,1.4,0.02,0.49,0,100.1,2012-02-18 0:17,train
cpx,LB5-2-11,53.91,-0.01,1.07,0.03,0.33,17.9,24.14,0.05,1.41,0.03,0.29,0,99.16,2011-10-28,train
cpx,LB5-1-15,53.48,0,1.01,0.01,0.22,17.91,24.02,0.08,1.54,0.06,0.29,0.02,98.65,2011-10-28,train
cpx,P4-14-2,55.15,0.01,2.01,1.32,0.06,17.91,23.69,0.47,0,0.75,0.02,0.02,101.43,2012-03-13 23:29,train
cpx,LB5-1-3,53.91,0.01,1.12,0.03,0.5,17.92,24.27,0.05,1.37,0.06,0.29,0.01,99.54,2011-10-28,test
cpx,LB13-54,53.39,0,1.04,0.02,0.32,17.94,24.26,0.07,1.32,0.03,0.3,0.01,98.69,2012-03-02 22:23,train
cpx,LB16-19,54.76,0,1.03,0.03,0.61,17.94,24.13,0.07,1.18,0.03,0.48,0.01,100.27,2012-02-17 18:22,train
cpx,LB16-21,54.46,0,1.22,0.02,0.68,17.96,23.82,0.07,1.51,0.05,0.46,0,100.25,2012-02-17 18:29,test
cpx,LB16-36,54.24,0.01,0.97,0,0.79,17.99,24.08,0.07,1.23,0.04,0.47,0,99.88,2012-02-17 19:27,train
cpx,LB16-85,54.1,0,1.12,0.02,0.6,17.99,24.05,0.06,1.23,0.04,0.5,0,99.72,2012-02-17 22:40,train
cpx,LB16-41,54.5,0,0.99,0.02,0.84,18,24.1,0.06,1.2,0.04,0.49,0.01,100.24,2012-02-17 19:47,test
cpx,LB16-74,54.3,0.02,1.2,0.02,0.79,18,24.08,0.06,1.26,0.03,0.46,0,100.22,2012-02-17 21:57,train
cpx,LB16-42,54.61,0,1.03,0.01,0.88,18,24.07,0.09,1.27,0.03,0.45,0,100.43,2012-02-17 19:51,train
cpx,LB16-20,54.53,0,1.18,0.02,0.63,18.01,23.85,0.05,1.43,0.03,0.46,0.01,100.2,2012-02-17 18:26,train
cpx,LB16-37,54.13,0.02,1.05,0.01,0.92,18.02,24.02,0.04,1.24,0.03,0.47,0.01,99.97,2012-02-17 19:31,train
cpx,LB13-47,54.4,0.02,1.06,0.02,0.32,18.02,24.09,0.06,1.32,0.03,0.29,0,99.61,2012-02-22 1:26,train
cpx,LB13-26,54.02,0.01,1.03,0.02,0.29,18.05,24.31,0.07,1.31,0.04,0.28,0,99.43,2012-03-02 21:27,test
cpx,LB13-55,53.87,0.03,1.03,0.01,0.32,18.06,24.25,0.09,1.34,0.04,0.27,0.01,99.31,2012-03-02 22:27,train
cpx,LB16-40,54.28,0,0.99,0.01,0.85,18.06,24.13,0.04,1.24,0.05,0.48,0,100.14,2012-02-17 19:43,train
cpx,P4-18-4,55.68,0.02,1.32,1.47,0.07,18.09,23.99,0.34,0,0.47,0.04,0.02,101.5,2012-03-14 0:39,train
cpx,LB5-2-4,52.95,-0.01,1.03,0.03,0.36,18.1,24.33,0.05,1.33,0.04,0.29,0.01,98.51,2011-10-28,test
cpx,LB16-115,53.8,0,1.27,0.02,1.14,18.1,23.64,0.08,1.44,0.04,0.51,0,100.04,2012-02-18 0:37,train
cpx,LB16-101,53.97,0,0.97,0.03,0.57,18.1,24.27,0.05,1.18,0.03,0.43,0.01,99.61,2012-02-17 23:42,train
cpx,LB15-54,54.46,0.02,1.64,0.03,0.78,18.15,23.15,0.06,1.59,0.04,0.58,0,100.51,2012-02-17 8:21,test
cpx,LB13-45,54.75,0.02,1.05,0.02,0.24,18.15,24.25,0.08,1.27,0.04,0.29,0,100.16,2012-02-22 1:18,train
cpx,LB12-110,54.53,0,1.2,0.02,0.42,18.16,24.25,0.06,1.24,0.03,0.39,0,100.3,2012-02-17 3:06,train
cpx,LB12-103,53.47,0,1.81,0.02,0.68,18.18,23.8,0.07,1.27,0.03,0.49,0,99.82,2012-02-17 2:39,train
cpx,LB13-46,54.46,0.01,1.08,0.02,0.3,18.18,24.17,0.07,1.32,0.04,0.28,0,99.93,2012-02-22 1:22,train
cpx,LB13-27,53.51,0,1.02,0.02,0.27,18.19,24.26,0.06,1.3,0.04,0.29,0,98.95,2012-03-02 21:30,train
cpx,LB5-1-45,53.75,0,1.07,0.02,0.38,18.29,24.06,0.05,1.35,0.05,0.28,0,99.31,2011-10-29,test
cpx,P4-21-6,55.29,0,1.33,1.43,0.07,18.45,24.02,0.34,0,0.46,0.04,0.05,101.47,2012-03-14 1:54,train
cpx,P4-20-4,54.89,0.02,1.5,1.27,0.07,18.48,24.12,0.42,0,0.56,0.02,0.02,101.37,2012-03-14 1:27,train
grt,LB9-1-20,41.14,0.2,16.58,0.06,8.39,20.28,6.25,0.33,6.58,0,0.02,0,99.83,2011-10-27 18:53,test
grt,LB9-1-40,41.16,0.2,16.59,0.06,8.4,20.66,6.17,0.31,6.68,0.02,0.02,0,100.29,2011-10-27 20:06,train
grt,LB9-1-6,41.02,0.19,16.62,0.06,8.47,20.47,6.24,0.34,6.74,0.02,0.02,0,100.19,2011-10-27 18:01,train
grt,LB9-2-34,39.71,0.19,16.62,0.04,8.06,20.26,6.29,0.32,6.71,0.04,0.03,0,98.27,2011-10-28,test
grt,LB9-1-84,41.09,0.15,16.65,0.06,8.56,20.63,6.27,0.33,6.68,-0.01,0.02,0,100.46,2011-10-27 22:49,train
grt,LB9-1-8,41.12,0.15,16.67,0.06,8.48,20.61,6.22,0.35,6.7,0.02,0.03,0,100.41,2011-10-27 18:09,train
grt,LB9-2-5,40.45,0.2,16.68,0.05,8.19,20.43,6.21,0.31,6.75,0.01,0.03,0,99.33,2011-10-28,test
grt,LB9-1-119,40.91,0.18,16.7,0.07,8.46,20.85,6.28,0.34,6.69,0.02,0.03,0,100.51,2011-10-28 0:59,train
grt,LB9-2-6,39.57,0.18,16.71,0.05,8.22,20.68,6.2,0.35,6.72,0.02,0.03,0,98.74,2011-10-28,train
grt,LB9-1-63,41.3,0.19,16.72,0.06,8.6,20.48,6.28,0.34,6.66,0.01,0.03,0.01,100.68,2011-10-27 21:31,test
grt,LB9-1-90,41.26,0.16,16.72,0.06,8.66,20.59,6.19,0.34,6.72,0.01,0.02,0,100.75,2011-10-27 23:11,train
grt,LB9-1-39,41.51,0.18,16.73,0.07,8.45,20.38,6.26,0.33,6.66,0,0.03,0,100.59,2011-10-27 20:03,train
grt,LB9-2-1,40.2,0.19,16.74,0.05,8.09,20.34,6.27,0.33,6.76,0.02,0.01,0,99.02,2011-10-28,test
grt,LB9-2-8,40.41,0.21,16.76,0.05,8.17,20.25,6.27,0.33,6.76,0.02,0.03,0,99.25,2011-10-28,train
grt,LB9-1-29,41.16,0.19,16.76,0.05,8.48,20.39,6.24,0.33,6.72,0.01,0.02,0,100.36,2011-10-27 19:26,train
grt,LB9-1-38,41.15,0.2,16.77,0.05,8.45,20.18,6.22,0.34,6.77,0.02,0.01,0,100.14,2011-10-27 19:59,train
grt,LB9-1-44,41.41,0.21,16.78,0.06,8.3,20.51,6.25,0.35,6.68,0.02,0.02,0,100.58,2011-10-27 20:21,test
grt,LB9-1-89,41.05,0.17,16.78,0.05,8.56,20.57,6.21,0.33,6.8,0.01,0.02,0,100.56,2011-10-27 23:07,train
grt,LB9-1-22,41.13,0.17,16.78,0.05,8.38,20.4,6.25,0.35,6.69,0.02,0.02,0.01,100.24,2011-10-27 19:00,train
grt,LB9-2-2,40.65,0.2,16.8,0.06,8.11,20.15,6.2,0.33,6.71,0.02,0.03,0.01,99.27,2011-10-28,test
grt,LB9-1-4,41.39,0.19,16.81,0.06,8.45,20.4,6.21,0.34,6.67,0.02,0.02,0,100.56,2011-10-27 17:54,train
grt,LB9-1-62,41.12,0.2,16.81,0.06,8.52,20.19,6.19,0.34,6.71,0.02,0.02,0.02,100.21,2011-10-27 21:28,train
grt,LB9-1-43,40.98,0.26,16.84,0.05,8.03,21.52,5.91,0.31,6.45,0.03,0.03,0,100.41,2011-10-27 20:17,test
grt,LB9-1-115,41.17,0.19,16.84,0.08,8.53,20.21,6.3,0.34,6.69,0.02,0.01,0,100.38,2011-10-28 0:44,train
grt,LB9-2-35,40.36,0.17,16.85,0.06,8.12,20.2,6.24,0.31,6.69,-0.01,0.01,0.01,99.01,2011-10-28,train
grt,LB9-1-86,41.43,0.18,16.85,0.04,8.51,20.46,6.31,0.34,6.78,0.02,0.01,0,100.94,2011-10-27 22:56,test
grt,LB9-2-49,39.88,0.17,16.85,0.07,7.94,19.83,6.21,0.33,6.8,0.01,0.02,0,98.13,2011-10-28,train
grt,LB9-1-36,41.42,0.17,16.86,0.05,8.39,20.44,6.2,0.34,6.53,0.02,0.02,0,100.43,2011-10-27 19:51,train
grt,LB9-1-27,41.1,0.19,16.86,0.05,8.53,20.49,6.28,0.34,6.6,0.01,0.02,0,100.48,2011-10-27 19:18,train
grt,LB9-1-85,41.34,0.17,16.86,0.07,8.58,20.28,6.27,0.33,6.77,0.01,0.02,0.01,100.71,2011-10-27 22:53,test
grt,LB9-1-3,41.07,0.19,16.87,0.06,8.39,20.65,6.26,0.35,6.76,0,0.01,0,100.62,2011-10-27 17:50,train
grt,LB9-1-41,41.58,0.19,16.88,0.04,8.39,20.4,6.2,0.32,6.7,0.03,0.02,0,100.75,2011-10-27 20:10,train
grt,LB9-1-25,41.25,0.19,16.91,0.06,8.54,20.33,6.26,0.34,6.69,0.01,0.02,0,100.6,2011-10-27 19:11,test
grt,LB9-1-28,41.3,0.17,16.91,0.07,8.41,20.23,6.29,0.32,6.66,0,0,0.01,100.36,2011-10-27 19:22,train
grt,LB9-1-88,41.37,0.15,16.94,0.05,8.54,20.62,6.27,0.33,6.69,0,0.04,0,101.01,2011-10-27 23:04,train
grt,LB9-1-83,41.91,0.16,16.95,0.04,8.59,20.12,6.32,0.33,6.75,0.02,0.01,0,101.19,2011-10-27 22:45,test
grt,LB9-1-117,41.7,0.17,16.95,0.04,8.53,20.47,6.3,0.32,6.72,0.01,0.01,0,101.22,2011-10-28 0:51,train
grt,LB9-1-21,41.47,0.2,16.96,0.04,8.35,19.99,6.28,0.34,6.65,0.01,0.02,0.01,100.32,2011-10-27 18:56,train
grt,LB9-2-36,40.39,0.18,16.98,0.07,7.98,20.41,6.19,0.34,6.71,0.02,0.03,0,99.29,2011-10-28,test
grt,LB9-1-2,41.24,0.17,16.99,0.07,8.46,20.54,6.28,0.31,6.74,0.03,0.02,0.01,100.86,2011-10-27 17:47,train
grt,LB9-1-23,41.83,0.19,16.99,0.07,8.44,20.38,6.3,0.35,6.66,0.02,0.02,0,101.24,2011-10-27 19:04,train
grt,LB9-1-121,41.32,0.17,17.01,0.05,8.46,20.36,6.19,0.35,6.69,0.01,0.03,0.01,100.64,2011-10-28 1:06,train
grt,LB9-1-118,41.74,0.18,17.01,0.06,8.46,20.6,6.24,0.34,6.75,0.01,0.03,0,101.42,2011-10-28 0:55,test
grt,LB9-1-87,41.36,0.16,17.03,0.06,8.54,20.43,6.24,0.34,6.74,0.01,0.03,0,100.93,2011-10-27 23:00,train
grt,LB9-2-48,40.44,0.2,17.09,0.05,7.92,20.3,6.15,0.32,6.71,0.03,0.03,0,99.24,2011-10-28,train
grt,LB9-1-26,41.88,0.19,17.15,0.05,8.43,20.24,6.27,0.33,6.64,0.02,0.02,0.01,101.2,2011-10-27 19:15,test
grt,LB9-2-53,40.85,0.16,17.24,0.05,7.94,19.69,6.24,0.34,6.74,0.03,0.02,0.01,99.3,2011-10-28,train
grt,LB1-9,41.23,0.02,20.25,0.03,4.95,19.04,5.69,0.58,8.69,0.01,0.02,0,100.52,2011-10-29,train
grt,LB1-1,40.99,0.02,20.75,0.03,4.33,19.18,5.45,0.58,8.71,-0.01,0.01,0,100.06,2011-10-29,test
grt,LB1-12,41.64,0.02,20.91,0.03,4.05,19.38,5.35,0.58,8.66,0.01,0.01,0.01,100.65,2011-10-29,train
grt,LB1-8,41.76,0.02,21.06,0.03,4.1,19.35,5.3,0.59,8.6,0,0.02,0.01,100.85,2011-10-29,train
grt,LB7-71,41.02,-0.01,22.29,0.02,1.77,20.47,5.32,0.52,8.09,0.01,0.01,0,99.52,2012-03-02 23:16,test
grt,LB7-66,41.64,0.02,22.47,0.02,2.23,20.14,5.51,0.58,8.15,0.01,0,0,100.75,2012-03-02 22:58,train
grt,LB7-69,41.28,0,22.6,0.02,1.8,20.84,4.99,0.53,8.22,0,0.01,0,100.29,2012-03-02 23:09,train
grt,LB7-60,41.32,0.02,22.6,0.01,1.76,20.45,5.34,0.54,7.98,0,-0.01,0,100.02,2012-03-02 22:35,train
grt,LB7-63,41.68,-0.01,22.71,0.02,1.9,20.17,5.4,0.54,8.15,0,0,0,100.57,2012-03-02 22:46,test
grt,LB7-40,42.07,0,22.8,0,1.73,20.02,5.31,0.51,8.05,0,0,0,100.51,2011-10-29,train
grt,LB7-62,41.58,0.01,22.87,0.02,1.77,20.51,5.29,0.55,8.13,0.02,0.01,0,100.76,2012-03-02 22:42,train
ol,P1-8,40.63,0.01,0.91,7.89,0.12,48.22,0.01,0,0,0,0.38,0,98.18,2012-03-14 8:25,test
ol,P2-2,27.12,0,0.03,7.27,0.12,49.39,0.01,0,0.01,0.01,0.31,0,84.26,2012-03-14 9:43,train
ol,P3-10-7,27.17,0.01,0.01,6.81,0.11,49.87,0.01,0,0,0,0.32,0.02,84.33,2012-03-14 7:49,train
ol,P1-18,41.94,0,0.1,10.11,0.14,50.03,0.19,0.02,0.01,0.09,0.29,0,102.9,2012-03-14 9:05,test
ol,P3-10-6,30.97,0.01,0.02,6.96,0.11,50.11,0,-0.02,0.01,0.01,0.32,0,88.51,2012-03-14 7:44,train
ol,LB7-36,41.14,0.02,0.02,0,0,50.16,0.02,0.09,7.66,0.38,0,0,99.49,2011-10-29,train
ol,LB7-44,41.3,-0.01,-0.01,-0.01,-0.01,50.19,0.02,0.1,7.7,0.37,0,0,99.68,2011-10-29,test
ol,LB7-37,41.15,-0.01,0.02,-0.01,0,50.2,0.02,0.1,7.61,0.42,0,0.01,99.54,2011-10-29,train
ol,LB7-22,40.99,0.01,0.01,0,-0.02,50.21,0,0.1,7.7,0.4,0,0,99.44,2011-10-29,train
ol,LB7-51,40.93,0.02,0.03,0,-0.01,50.24,0.01,0.11,7.69,0.37,-0.01,0,99.4,2011-10-29,test
ol,LB5-2-36,40.49,0.01,0.02,-0.01,0,50.28,0.01,0.1,7.79,0.42,0.01,0,99.11,2011-10-28,train
ol,LB7-7,41.03,0.02,0.01,-0.01,0,50.3,0.01,0.13,7.67,0.38,0,0.01,99.55,2011-10-29,train
ol,LB5-2-15,39.94,0.02,0.03,0,-0.01,50.34,0.01,0.09,7.69,0.46,0,0,98.57,2011-10-28,test
ol,LB7-38,41.32,-0.01,0.01,0.01,0,50.35,0.02,0.11,7.58,0.38,0.01,0,99.79,2011-10-29,train
ol,LB7-45,40.98,0,0.02,0.01,0.02,50.36,0.03,0.11,7.67,0.39,0.01,0,99.6,2011-10-29,train
ol,LB7-9,40.97,0.01,0.01,0,0.02,50.36,0.02,0.12,7.67,0.37,0.01,0,99.55,2011-10-29,train
ol,LB7-6,40.83,0,0.01,0,0,50.37,0.01,0.09,7.75,0.36,0,0,99.41,2011-10-29,test
ol,LB7-29,41.1,0,0,0,0.02,50.37,0.01,0.1,7.7,0.38,0.01,0,99.69,2011-10-29,train
ol,LB7-10,40.96,-0.01,0,0,0.01,50.37,0.01,0.09,7.67,0.4,0.02,0,99.53,2011-10-29,train
ol,LB7-52,41.06,0,0.02,0,0.01,50.39,0,0.1,7.62,0.39,0.01,0,99.6,2011-10-29,test
ol,LB7-11,40.93,0,0.02,-0.02,-0.01,50.4,0.01,0.12,7.63,0.4,-0.01,0.01,99.52,2011-10-29,train
ol,LB7-27,40.91,-0.02,0.02,0.01,0,50.4,0.01,0.1,7.73,0.37,0,0,99.56,2011-10-29,train
ol,LB5-2-2,39.91,-0.01,0.01,-0.01,0.03,50.41,0.01,0.1,7.71,0.43,0.01,0.01,98.61,2011-10-28,test
ol,LB7-5,41.12,-0.01,0.02,0.01,-0.02,50.42,0.01,0.1,7.7,0.37,0,0,99.74,2011-10-29,train
ol,LB15-42,41.97,0,0.05,0,0,50.42,0.01,0.11,7.76,0.33,0.01,0,100.65,2012-02-17 7:34,train
ol,LB16-16,42.87,0,0.01,0.01,0,50.42,0.01,0.09,7.18,0.38,0,0,100.98,2012-02-17 18:10,test
ol,LB5-2-38,40.19,0,0.02,0,-0.01,50.45,0.01,0.09,7.81,0.45,0.01,0.01,99.04,2011-10-28,train
ol,P3-7-8,42.79,0,0.01,7.89,0.1,50.47,0.01,0.01,0,0.02,0.37,0,101.66,2012-03-14 6:27,train
ol,LB7-3,40.91,-0.01,0,0.01,0,50.47,0.01,0.09,7.68,0.39,0,0,99.58,2011-10-29,train
ol,LB7-13,40.92,-0.01,0.03,0,0.03,50.51,0.01,0.11,7.63,0.39,0,0,99.63,2011-10-29,test
ol,LB5-1-14,40.23,-0.01,0.02,-0.01,0,50.51,0.02,0.11,7.69,0.47,0.01,0,99.08,2011-10-28,train
ol,LB5-2-14,40.15,-0.02,-0.01,-0.01,0.04,50.54,0.02,0.08,7.68,0.44,0.01,0.01,98.96,2011-10-28,train
ol,P4-6-4,41.46,0,0.04,8.21,0.11,50.57,0.01,0,0.01,0.02,0.39,0,100.81,2012-03-13 20:50,train
ol,LB16-9,40.86,0,0.02,0,0.49,50.59,0.02,0.12,8.68,0.33,0,0,101.11,2012-02-17 17:44,train
ol,LB7-12,41.09,0.01,0.01,-0.01,0,50.59,0.02,0.11,7.67,0.39,-0.01,0.01,99.9,2011-10-29,train
ol,LB5-1-19,40.19,0.01,0.02,-0.01,0,50.64,0.01,0.11,7.73,0.41,-0.01,0,99.11,2011-10-28,test
ol,P3-7-5,35.67,0,0.02,7.5,0.11,50.69,0.01,0.01,0,0.01,0.38,0,94.38,2012-03-14 6:15,train
ol,LB10-42,41.18,0.02,0.01,0.02,0,50.75,0.01,0.11,7.5,0.37,0,0,99.98,2012-02-21 15:58,train
ol,LB13-1,40.02,0.01,0.01,0,0.01,50.79,0.01,0.12,7.81,0.38,0,0,99.16,2012-03-02 19:53,test
ol,LB5-1-21,40.41,0,0.02,0.01,0,50.79,0.02,0.11,7.73,0.43,0.01,0,99.54,2011-10-28,train
ol,P4-23-5,31.84,0,0.02,7.26,0.12,50.81,0,0,0,0.02,0.35,0,90.43,2012-03-14 3:34,train
ol,LB5-2-8,39.91,0,0.03,-0.01,0.16,50.82,0.02,0.12,7.7,0.42,0.01,0.01,99.19,2011-10-28,train
ol,LB13-2,39.26,0,0,0,0,50.84,0.01,0.1,7.9,0.39,0.01,0.01,98.51,2012-02-21 22:18,test
ol,LB5-1-11,40.39,0.01,0.01,-0.01,0.05,50.85,0.02,0.09,7.69,0.45,0.01,-0.01,99.56,2011-10-28,train
ol,LB5-1-12,40.41,0.02,0.02,0.01,0.02,50.85,0.01,0.11,7.77,0.44,-0.01,0.01,99.67,2011-10-28,train
ol,LB7-24,40.63,0.02,0.02,-0.01,0.03,50.89,0.04,0.12,7.75,0.38,0,0,99.88,2011-10-29,test
ol,LB5-2-31,40.12,0.01,0.02,0,0,50.9,0.01,0.11,7.78,0.45,-0.01,0,99.4,2011-10-28,train
ol,LB5-2-19,39.72,0,0.02,-0.01,0.12,50.9,0.02,0.09,7.68,0.43,0,0,98.98,2011-10-28,train
ol,LB5-2-37,40.07,0,0.02,0,0.01,50.91,0.01,0.11,7.86,0.42,0.01,0,99.42,2011-10-28,test
ol,LB5-1-18,40.48,0,0.02,0.01,0.02,50.94,0.01,0.09,7.78,0.43,0,0,99.79,2011-10-28,train
ol,LB7-1,40.61,-0.01,0.01,0,0.03,50.95,0.02,0.12,7.57,0.39,0,0,99.68,2011-10-29,train
ol,LB10-36,41.35,0.02,0.01,0,0.01,50.96,0.01,0.09,7.56,0.37,0,0,100.38,2012-02-21 15:35,test
ol,LB5-2-18,39.72,0.01,0.02,0.01,-0.01,50.98,0.02,0.11,7.74,0.42,0,0,99.02,2011-10-28,train
ol,LB13-5,40.08,0.02,0,-0.02,0,50.98,0.01,0.1,7.88,0.37,0,0,99.45,2012-03-02 20:08,train
ol,LB5-1-20,40.11,0.01,0,-0.01,0,50.98,0.02,0.1,7.73,0.44,0,0,99.39,2011-10-28,train
ol,LB13-14,39.67,-0.03,0.02,-0.01,0.01,51,0.01,0.09,7.89,0.36,0,0,99.05,2012-03-02 20:41,test
ol,LB13-31,39.1,0,0.02,0.01,0.03,51,0.02,0.12,7.92,0.36,0,0,98.58,2012-03-02 21:46,train
ol,LB13-2,40.12,0,0.02,0.01,0,51,0.01,0.12,7.92,0.38,0,0,99.58,2012-03-02 19:56,train
ol,LB15-34,40.96,0.03,0.02,0.02,0.01,51.01,0.01,0.11,7.74,0.37,0,0,100.27,2012-02-17 7:03,test
ol,LB13-16,39.5,-0.02,0.01,0,0,51.01,0.01,0.11,7.99,0.38,0,0,99.01,2012-03-02 20:49,train
ol,LB5-2-30,40.1,0,0.02,-0.02,-0.01,51.01,0.01,0.11,7.7,0.45,0.01,0,99.43,2011-10-28,train
ol,P3-7-3,35.49,0,0,7.52,0.09,51.03,0.01,0,-0.01,0.02,0.37,0,94.54,2012-03-14 6:06,test
ol,LB3-11,40.3,0,0.03,0,0,51.03,0.02,0.12,8.05,0.39,0,0,99.95,2012-02-18 2:16,train
ol,LB5-1-22,40.15,0.02,0.01,0,-0.01,51.04,0.02,0.12,7.69,0.44,0.01,0,99.5,2011-10-28,train
ol,LB3-63,39.94,0,0.02,0,0.02,51.07,0.03,0.1,8.09,0.39,0.01,0,99.65,2012-02-18 5:41,test
ol,LB13-15,40.07,0.01,0,-0.01,0,51.07,0.02,0.11,7.91,0.37,0,0,99.55,2012-03-02 20:45,train
ol,LB10-50,41.17,0,0.01,0,0.01,51.07,0.01,0.09,7.43,0.36,0.01,0.01,100.18,2012-02-21 16:29,train
ol,LB7-67,41.14,0.01,0.02,0.01,0,51.08,0.01,0.07,7.63,0.38,0,0.01,100.36,2012-03-02 23:01,test
ol,LB3-10,40.41,0,0.02,0,0.03,51.08,0.02,0.11,8.15,0.37,0,0,100.18,2012-02-18 2:12,train
ol,LB13-4,40.14,0,0.01,-0.01,0.02,51.08,0.01,0.11,7.83,0.38,0.01,0,99.6,2012-03-02 20:04,train
ol,P4-23-4,35.79,0,0,7.54,0.11,51.1,0.02,0,0,0.01,0.36,-0.01,94.92,2012-03-14 3:30,test
ol,LB13-56,39.19,0,0,0,0,51.1,0,0.12,7.95,0.4,0,0,98.77,2012-03-02 22:31,train
ol,LB7-68,40.46,-0.01,0.02,0.01,0.02,51.1,0.02,0.14,7.69,0.37,0,0,99.84,2012-03-02 23:05,train
ol,LB10-63,40.84,0.02,0,0.01,0.01,51.11,0.01,0.13,7.36,0.35,0,0,99.84,2012-02-21 17:19,train
ol,LB13-21,40.22,0,0,0.01,0,51.11,0.01,0.12,7.86,0.37,0,0,99.7,2012-03-02 21:08,test
ol,LB12-36,41.19,0,0.02,0,0.06,51.13,0.01,0.12,7.49,0.4,0,0,100.42,2012-02-16 22:21,train
ol,P3-10-8,32.24,0,0,7.14,0.13,51.13,0,0,0,0,0.34,0,90.99,2012-03-14 7:53,train
ol,LB7-77,40.62,-0.03,0.03,-0.01,0.02,51.14,0.02,0.1,7.66,0.4,0,-0.01,99.99,2012-03-02 23:39,test
ol,LB3-37,39.93,0.02,0.02,0.02,0,51.14,0.03,0.12,8.08,0.4,0.01,0,99.76,2012-02-18 3:58,train
ol,LB3-77,39.61,0,0.01,0,0.02,51.15,0.02,0.13,8.12,0.41,0,0,99.46,2012-02-18 6:36,train
ol,LB12-20,41.31,0.01,0,0.01,0.01,51.16,0.02,0.12,7.48,0.38,0,0,100.49,2012-02-16 21:20,test
ol,LB12-107,40.96,0,0.01,0,0,51.16,0.01,0.1,7.41,0.41,0,0.01,100.06,2012-02-17 2:54,train
ol,P3-4-1,42.03,0.01,0.02,8.16,0.12,51.16,0.01,0.01,0,0,0.39,0,101.91,2012-03-14 5:05,train
ol,LB5-1-13,40.14,0.02,0.02,-0.01,0.01,51.16,0.01,0.1,7.72,0.42,0,0.01,99.61,2011-10-28,test
ol,LB10-41,41.19,0,0.02,0.01,0,51.17,0.01,0.09,7.62,0.35,0,0,100.46,2012-02-21 15:54,train
ol,LB13-32,40.45,0.01,0.02,0,0,51.17,0.01,0.1,7.88,0.37,0,0.01,100.02,2012-03-02 21:49,train
ol,P3-3-3,41.84,0.01,0.03,8.16,0.12,51.18,0.01,0,0.01,0,0.38,0,101.73,2012-03-14 5:01,train
ol,LB13-28,40.03,0,-0.01,0,0.02,51.18,0.01,0.1,7.9,0.38,0,0,99.62,2012-03-02 21:34,test
ol,LB3-71,39.54,0,0.02,0,0,51.18,0.01,0.11,8.18,0.39,0,0,99.44,2012-02-18 6:12,train
ol,LB13-9,39.85,-0.01,0.02,0,0,51.18,0.01,0.11,7.89,0.38,0,0,99.45,2012-03-02 20:23,train
ol,LB7-74,40.69,0.01,0,0,0.01,51.2,0.01,0.1,7.68,0.37,0,0.01,100.07,2012-03-02 23:28,test
ol,LB13-34,40.15,0,0.02,0,0,51.2,0.01,0.11,7.99,0.38,0,0,99.85,2012-03-02 21:57,train
ol,LB13-24,40.54,0,0,0,0,51.2,0.01,0.12,7.85,0.36,0,0,100.09,2012-03-02 21:19,train
ol,LB12-13,41.12,0,0,0,0,51.21,0.01,0.08,7.37,0.41,0,0,100.21,2012-02-16 20:53,test
ol,LB3-22,40.23,0,0,0,0.01,51.22,0.02,0.12,8.09,0.38,0.01,0,100.08,2012-02-18 2:59,train
ol,LB7-50,40.79,0.01,0.03,-0.01,0.02,51.22,0.01,0.09,7.66,0.37,0.01,0,100.22,2011-10-29,train
ol,LB12-26,41.24,0.01,0.02,0,0.09,51.24,0.02,0.11,7.59,0.39,0.01,0,100.72,2012-02-16 21:43,test
ol,P1-25,35.3,0.01,0.03,7.85,0.1,51.24,0.01,0,0,0,0.35,0,94.89,2012-03-14 9:35,train
ol,LB7-73,40.23,0.01,0.01,-0.01,0.02,51.24,0.02,0.13,7.73,0.39,0,0,99.79,2012-03-02 23:24,train
ol,P4-6-1,41.25,0,0.05,8.08,0.11,51.24,0.01,0,0,0.01,0.4,0,101.15,2012-03-13 20:39,train
ol,LB13-50,40.36,0.01,0,0,0.02,51.25,0.01,0.13,7.93,0.38,0,0,100.09,2012-03-02 22:12,test
ol,LB12-21,41.24,0,0,0.01,0.01,51.26,0.01,0.12,7.44,0.39,0.01,0.01,100.5,2012-02-16 21:24,train
ol,LB13-3,39.98,0,0.01,0,0.01,51.26,0.01,0.12,7.91,0.35,0,0,99.65,2012-03-02 20:00,train
ol,LB16-97,41.04,0.02,0,0,0.01,51.27,0.01,0.12,7.4,0.33,0.01,0,100.2,2012-02-17 23:27,test
ol,LB11-31,40.56,-0.01,0.02,0,0.01,51.27,0.01,0.09,7.69,0.36,0,0,100.02,2012-03-02 18:56,train
ol,LB13-52,40.61,0,0.02,0,0.02,51.27,0,0.11,7.87,0.41,0,0,100.33,2012-03-02 22:16,train
ol,P4-8-2,41.92,0,0.01,8.22,0.1,51.27,0,0.01,0.01,0.02,0.39,0,101.95,2012-03-13 21:25,test
ol,P3-7-4,36.19,0,0.02,7.59,0.11,51.27,0,0,0,0.02,0.33,0,95.54,2012-03-14 6:11,train
ol,LB13-33,40.61,0,0,0,0,51.27,0.01,0.1,7.86,0.38,0.01,0,100.24,2012-03-02 21:53,train
ol,LB12-14,40.99,0.01,0.01,0,0.02,51.28,0.01,0.11,7.3,0.4,0,0,100.14,2012-02-16 20:57,test
ol,LB3-94,39.69,0,0.03,0,0,51.28,0.02,0.11,8.07,0.4,0,0,99.59,2012-02-18 7:44,train
ol,P4-2-3,42.6,0,0.02,7.95,0.12,51.28,0.01,0,0.01,0.01,0.37,0,102.37,2012-03-13 19:59,train
ol,P4-2-1,42.09,0.01,0.01,8.08,0.12,51.29,0.01,0,0.01,0,0.4,0,102.02,2012-03-13 19:50,train
ol,LB12-19,41.1,0.01,0,0,0.1,51.3,0.01,0.1,7.41,0.4,0.01,0.01,100.45,2012-02-16 21:16,test
ol,LB13-30,40.94,0,0.01,0,0,51.32,0.01,0.12,7.86,0.35,0,0,100.6,2012-03-02 21:42,train
ol,LB3-51,39.55,0,0.03,0,0,51.33,0.02,0.11,8.08,0.4,0,0,99.52,2012-02-18 4:53,train
ol,LB12-64,40.51,0,0.01,0,0.02,51.34,0.01,0.12,7.39,0.41,0,0,99.81,2012-02-17 0:09,test
ol,LB16-26,41.22,0,0.01,0.01,0.05,51.34,0,0.09,7.37,0.39,0.01,0,100.5,2012-02-17 18:48,train
ol,LB3-46,40.07,0.01,0.01,0,0.03,51.34,0.02,0.11,8.25,0.4,0,0,100.24,2012-02-18 4:33,train
ol,LB3-56,39.7,0.01,0,0,0.01,51.35,0.02,0.12,8.18,0.39,0,0,99.78,2012-02-18 5:13,test
ol,LB11-20,40.06,0.02,0,0,0.02,51.35,0,0.08,7.62,0.39,0,0.01,99.55,2012-03-02 18:15,train
ol,P3-10-2,33.82,0.01,0,7.1,0.1,51.36,0,0,0,0,0.34,0.01,92.74,2012-03-14 7:27,train
ol,LB11-23,40.18,0.01,0.01,0.01,0,51.36,0.01,0.11,7.67,0.35,0,0.01,99.73,2012-03-02 18:26,test
ol,LB12-133,41.17,0,0.01,0,0,51.37,0.01,0.09,7.41,0.41,0,0,100.48,2012-02-17 4:35,train
ol,P4-9-3,41.39,0,0.01,8.11,0.11,51.37,0.01,0,0.01,0.01,0.39,0.01,101.42,2012-03-13 21:56,train
ol,P4-3-2,41.73,0,0,8.3,0.11,51.38,0.02,0,0.01,0,0.41,0,101.96,2012-03-13 20:07,test
ol,P4-4-1,40.63,0,0.02,8.29,0.13,51.38,0.01,0,0,0,0.39,0,100.85,2012-03-13 20:16,train
ol,LB3-47,39.84,0.02,0.02,0.01,0,51.38,0.02,0.13,8.13,0.4,0,0,99.95,2012-02-18 4:37,train
ol,P4-12-4,41.46,0,0.02,8.16,0.11,51.39,0.01,0,0,0,0.39,0,101.54,2012-03-13 23:06,test
ol,LB10-51,40.97,0,0.03,0,0,51.39,0.01,0.1,7.47,0.36,0,0,100.34,2012-02-21 16:33,train
ol,LB13-53,40.62,0.02,0.01,0,0.01,51.4,0.01,0.11,7.92,0.38,0,0.01,100.47,2012-03-02 22:20,train
ol,LB13-51,41.19,0,0,0,0.01,51.42,0.01,0.11,7.87,0.35,0,0,100.97,2012-02-22 1:42,train
ol,P4-5-1,41.85,0,0.04,8.09,0.1,51.42,0.01,0,0,0.01,0.4,0,101.92,2012-03-13 20:27,test
ol,P4-11-4,41.53,0.01,0.03,8.16,0.1,51.43,0.01,0,0.01,0.03,0.4,0,101.71,2012-03-13 22:50,train
ol,LB12-137,41.1,0,0.03,0.01,0.01,51.44,0,0.1,7.43,0.42,0,0,100.55,2012-02-17 4:51,train
ol,P4-1-5,42.31,0.01,0.02,8.18,0.12,51.45,0.01,0.01,0,0.01,0.38,0,102.51,2012-03-13 19:42,test
ol,P4-9-4,41.59,0.01,0.02,8.11,0.12,51.45,0.01,0,0.01,0,0.37,0,101.68,2012-03-13 22:00,train
ol,LB13-49,41.17,0.01,0.01,0,0,51.45,0,0.1,7.84,0.39,0,0,100.98,2012-02-22 1:34,train
ol,LB11-53,41.18,0,0,0.01,0,51.46,0.01,0.12,7.61,0.39,0,0.01,100.79,2012-03-02 19:11,test
ol,LB3-30,40.28,0,0.03,0,0,51.46,0.02,0.11,8.15,0.41,0,0.01,100.47,2012-02-18 3:30,train
ol,LB13-44,41.04,0,0.02,0,0.01,51.47,0.01,0.12,7.9,0.4,0,0,100.97,2012-02-22 1:14,train
ol,LB3-42,39.91,0,0.04,0,0.03,51.48,0.02,0.09,8.14,0.38,0,0.01,100.1,2012-02-18 4:17,test
ol,LB11-1,40.21,0,0,-0.02,0,51.48,0.01,0.09,7.7,0.37,0,0,99.86,2012-03-02 17:33,train
ol,LB12-2,41.15,0,0,0.01,0.02,51.48,0,0.11,7.39,0.42,0.01,0,100.6,2012-02-16 20:11,train
ol,LB11-60,40.45,0,0,0,0,51.49,0.01,0.11,7.55,0.36,0,0,99.98,2012-03-02 19:37,train
ol,LB10-38,41.37,0,0.03,0,0.01,51.49,0.01,0.11,7.36,0.37,0,0,100.76,2012-02-21 15:43,test
ol,LB11-58,40.67,0,0.02,0,0,51.49,0,0.09,7.55,0.36,0.01,0,100.19,2012-03-02 19:30,train
ol,LB11-52,40.86,0,-0.01,0.01,0,51.49,0.01,0.09,7.51,0.38,0,0,100.34,2012-03-02 19:08,train
ol,LB3-83,39.51,0.01,0.01,0,0,51.51,0.02,0.13,8.15,0.39,0,0,99.71,2012-02-18 7:00,test
ol,P3-3-2,41.84,0,0,8.15,0.13,51.51,0.01,0,0,0.01,0.37,0,102.02,2012-03-14 4:57,train
ol,P4-23-7,41.85,0,0.1,7.82,0.09,51.51,0.01,0,0,0,0.41,0,101.79,2012-03-14 3:43,train
ol,LB12-56,40.93,0.01,0.02,0,0.01,51.51,0.01,0.08,7.46,0.43,0,0,100.45,2012-02-16 23:38,test
ol,LB7-79,40.49,-0.01,0,0.01,0.02,51.51,0.01,0.1,7.75,0.39,0.02,0.01,100.3,2012-03-02 23:47,train
ol,P4-7-1,41.64,0,0.03,8,0.1,51.52,0.01,0.01,0,0.01,0.38,0,101.69,2012-03-13 20:58,train
ol,P4-6-5,41.3,0.01,0.02,8.2,0.13,51.52,0.01,0,0,0,0.38,0,101.56,2012-03-13 20:54,test
ol,LB10-59,41.18,0,0.02,0,0.01,51.53,0,0.1,7.36,0.37,0,0,100.57,2012-02-21 17:04,train
ol,LB12-129,40.99,0.02,0.02,0,0,51.53,0.01,0.11,7.46,0.39,0,0,100.53,2012-02-17 4:20,train
ol,LB14-44,39.78,0,0,0.01,0,51.53,0.01,0.11,7.6,0.34,0,0,99.38,2012-02-18 12:57,train
ol,LB12-3,41.3,0,0.02,0.02,0,51.53,0.01,0.11,7.49,0.4,0,0,100.89,2012-02-16 20:15,test
ol,P4-3-1,41.45,0.02,0.03,8.2,0.12,51.54,0.01,0,0,0.02,0.42,0,101.8,2012-03-13 20:03,train
ol,LB12-22,41.44,0,0.01,0,0,51.54,0,0.1,7.29,0.41,0.01,0,100.8,2012-02-16 21:27,train
ol,LB3-72,39.96,0,0.02,0,0,51.55,0.02,0.13,8.18,0.4,0,0,100.27,2012-02-18 6:16,test
ol,LB3-81,39.32,0,0.03,0,0.01,51.55,0.02,0.11,8.26,0.4,0,0.01,99.72,2012-02-18 6:52,train
ol,LB10-52,41.04,0,0.02,0,0.12,51.55,0,0.12,7.42,0.36,0,0,100.64,2012-02-21 16:37,train
ol,LB14-16,39.68,0.02,0.02,0,0.01,51.55,0.01,0.11,7.53,0.35,0,0,99.29,2012-02-18 11:04,test
ol,LB16-7,41.35,0,0,0,0.05,51.56,0.01,0.1,7.4,0.35,0,0,100.82,2012-02-17 17:36,train
ol,LB3-82,39.51,0.02,0,0,0,51.56,0.01,0.13,8.14,0.42,0,0,99.79,2012-02-18 6:56,train
ol,LB10-23,40.19,0,0,0,0.01,51.57,0,0.09,7.37,0.38,0,0.01,99.62,2012-02-18 9:19,test
ol,P4-4-2,41.25,0,0.04,8.09,0.13,51.57,0.01,0,0,0.01,0.38,0,101.47,2012-03-13 20:19,train
ol,LB12-44,41.17,0.02,0.01,0.01,0.02,51.57,0.01,0.11,7.35,0.39,0,0,100.66,2012-02-16 22:52,train
ol,LB12-105,41.06,0,0.03,0,0.02,51.58,0,0.1,7.37,0.4,0,0,100.57,2012-02-17 2:47,train
ol,LB11-24,40.95,-0.01,0.01,0,0,51.58,0.01,0.1,7.36,0.38,0,0,100.39,2012-03-02 18:30,test
ol,LB16-59,40.83,0.01,0.02,0,0.05,51.59,0.01,0.09,7.37,0.35,0,0,100.34,2012-02-17 20:58,train
ol,LB12-131,41.33,0,0.01,0,0.03,51.6,0,0.11,7.52,0.41,0.02,0.01,101.03,2012-02-17 4:27,train
ol,LB12-11,41.07,0,0.02,0.01,0.03,51.6,0.02,0.11,7.47,0.43,0,0,100.74,2012-02-16 20:45,test
ol,LB12-37,41.17,0.01,0,0,0,51.61,0,0.11,7.41,0.42,0,0,100.73,2012-02-16 22:25,train
ol,P4-2-2,41.97,0.02,0,8.19,0.11,51.61,0.01,0,0,0,0.4,0,102.3,2012-03-13 19:55,train
ol,LB12-127,41.33,0,0.01,0,0,51.61,0.01,0.12,7.42,0.41,0,0,100.91,2012-02-17 4:12,test
ol,LB14-19,39.52,0.01,0.02,0.01,0,51.61,0.01,0.12,7.63,0.34,0,0,99.29,2012-02-18 11:16,train
ol,LB13-37,41.03,0.01,0.01,0,0,51.61,0.01,0.11,7.71,0.38,0,0,100.88,2012-02-22 0:47,train
ol,LB11-36,41.09,0,0.01,0,0,51.62,0.01,0.11,7.42,0.36,0,0,100.62,2012-02-21 20:16,test
ol,LB13-43,40.98,0,0,0,0,51.62,0.01,0.1,7.83,0.38,0.01,0,100.95,2012-02-22 1:10,train
ol,LB12-63,41,0,0.03,0,0,51.62,0.01,0.12,7.37,0.43,0,0.01,100.61,2012-02-17 0:05,train
ol,LB13-40,41.27,0.01,0,0,0.01,51.63,0.01,0.12,7.74,0.38,0,0,101.19,2012-02-22 0:59,test
ol,P4-10-4,41.84,0,0.01,8.16,0.1,51.64,0.01,0,0.01,0,0.38,0.01,102.17,2012-03-13 22:27,train
ol,LB12-1,40.98,0,0.02,0.01,0,51.64,0.01,0.11,7.45,0.4,0,0,100.62,2012-02-16 20:07,train
ol,LB12-124,41.52,0,0,0,0.01,51.64,0.01,0.11,7.4,0.4,0,0,101.08,2012-02-17 4:00,test
ol,LB14-17,39.58,0.02,0,0,0,51.64,0.01,0.1,7.58,0.35,0,0.01,99.3,2012-02-18 11:08,train
ol,P4-13-1,42.09,0.01,0,8.26,0.1,51.65,0.01,0,0.01,0,0.38,0,102.5,2012-03-13 23:09,train
ol,LB10-9,39.84,0,0.02,0.01,0,51.65,0.01,0.1,7.5,0.36,0,0,99.5,2012-02-18 8:23,train
ol,P3-10-5,34.41,0,0,7.21,0.09,51.65,0,0,0.01,0,0.33,0,93.71,2012-03-14 7:40,test
ol,P4-7-5,41.62,0,0.03,8.14,0.1,51.65,0.01,0,0,0,0.38,0,101.94,2012-03-13 21:14,train
ol,LB15-11,41.21,0,0.01,0,0.02,51.66,0,0.1,7.67,0.34,0,0.01,101.02,2012-02-17 5:34,train
ol,P4-9-1,41.67,0.01,0,8.13,0.13,51.66,0.01,0,0,0.01,0.4,0,102,2012-03-13 21:48,test
ol,LB10-64,41.1,0.01,0.02,0,0,51.66,0.01,0.09,7.4,0.36,0,0,100.66,2012-02-21 17:23,train
ol,LB15-33,41.26,0,0,0,0,51.66,0,0.12,7.68,0.34,0,0.01,101.07,2012-02-17 6:59,train
ol,LB14-38,39.61,0.02,0.03,0.01,0,51.66,0.01,0.1,7.73,0.35,0.01,0.01,99.52,2012-02-18 12:33,test
ol,LB12-120,41.38,0,0.03,0,0,51.67,0.01,0.1,7.42,0.39,0,0,101.01,2012-02-17 3:45,train
ol,LB16-126,40.4,0.01,0,0,0,51.67,0,0.11,7.32,0.35,0,0,99.88,2012-02-18 1:20,train
ol,LB16-76,40.7,0,0.03,0,0.01,51.67,0,0.1,7.38,0.37,0,0.01,100.26,2012-02-17 22:04,test
ol,LB16-23,41.19,0.01,0,0.01,0,51.68,0,0.11,7.41,0.35,0,0,100.76,2012-02-17 18:37,train
ol,LB10-16,39.94,0,0.03,0,0,51.68,0.01,0.11,7.44,0.37,0,0.01,99.6,2012-02-18 8:51,train
ol,P4-7-6,41.58,0.01,0.02,8.15,0.11,51.69,0.01,0,0.01,0.02,0.38,0.01,101.98,2012-03-13 21:17,train
ol,LB15-14,41.35,0,0.01,0,0.02,51.69,0,0.11,7.69,0.37,0,0,101.25,2012-02-17 5:45,test
ol,P4-22-1,42.38,0,0.05,7.57,0.11,51.69,0.01,0,0,0,0.36,0,102.18,2012-03-14 2:02,train
ol,LB16-64,41.05,0,0,0,0.01,51.69,0,0.1,7.35,0.37,0,0,100.57,2012-02-17 21:17,train
ol,LB14-34,39.65,0,0.01,0,0.01,51.7,0.01,0.13,7.6,0.33,0.01,0,99.45,2012-02-18 12:17,test
ol,LB12-106,41.33,0,0,0,0,51.7,0.01,0.12,7.36,0.4,0,0,100.93,2012-02-17 2:51,train
ol,LB12-86,41.25,0,0,0,0.01,51.7,0.01,0.12,7.39,0.43,0,0,100.92,2012-02-17 1:34,train
ol,LB10-7,39.93,0,0,0.01,0,51.71,0.01,0.09,7.42,0.38,0,0,99.56,2012-02-18 8:15,test
ol,LB16-124,40.5,0.02,0,0,0.01,51.71,0.01,0.1,7.38,0.35,0,0.01,100.08,2012-02-18 1:12,train
ol,LB10-35,41.22,0.01,0.03,0,0.02,51.71,0.01,0.12,7.6,0.37,0,0,101.07,2012-02-21 15:31,train
ol,LB16-10,41,0.01,0.01,0,0.19,51.71,0.01,0.1,7.43,0.36,0.01,0,100.84,2012-02-17 17:47,test
ol,LB14-24,39.63,0,0.01,0,0.01,51.71,0.01,0.1,7.58,0.34,0,0,99.4,2012-02-18 11:36,train
ol,LB14-25,39.71,0,0,0,0.02,51.71,0.01,0.11,7.69,0.36,0,0,99.62,2012-02-18 11:40,train
ol,P4-12-2,41.77,0.02,0.01,8.27,0.11,51.71,0.01,0,0,0,0.43,0.01,102.34,2012-03-13 22:58,train
ol,LB16-62,40.91,0.01,0,0,0,51.72,0,0.11,7.36,0.38,0,0,100.49,2012-02-17 21:09,test
ol,LB10-27,39.89,-0.01,0,0,0,51.72,0,0.09,7.5,0.37,0,0,99.57,2012-02-18 9:35,train
ol,LB15-43,41.22,0,0.01,0.01,0.01,51.72,0,0.12,7.68,0.34,0,0.01,101.13,2012-02-17 7:38,train
ol,LB16-119,40.55,0,0.01,0,0.02,51.72,0,0.11,7.44,0.35,0,0,100.2,2012-02-18 0:53,test
ol,LB12-68,41.11,0.01,0.01,0.01,0,51.73,0.01,0.1,7.5,0.43,0,0,100.91,2012-02-17 0:24,train
ol,LB12-38,41.42,0.01,0.01,0.01,0,51.73,0,0.12,7.39,0.4,0,0.01,101.09,2012-02-16 22:29,train
ol,LB15-38,41.18,0,0.02,0,0,51.73,0,0.1,7.61,0.41,0,0,101.05,2012-02-17 7:18,test
ol,P4-3-3,41.11,0.01,0.02,8.27,0.1,51.73,0.01,0,0,0,0.4,0,101.65,2012-03-13 20:11,train
ol,LB10-48,41.2,0,0.01,0,0,51.73,0,0.12,7.41,0.36,0.01,0,100.85,2012-02-21 16:21,train
ol,LB10-17,39.72,0,0.02,0,0,51.73,0,0.12,7.36,0.36,0,0.01,99.31,2012-02-18 8:55,test
ol,LB11-41,41.16,0.01,0.02,0,0,51.73,0.01,0.11,7.42,0.36,0,0,100.83,2012-02-21 20:36,train
ol,LB16-24,41.16,0,0.03,0.01,0,51.74,0,0.1,7.4,0.38,0,0,100.82,2012-02-17 18:41,train
ol,LB14-43,39.27,0,0,0,0.01,51.74,0.01,0.11,7.57,0.33,0,0,99.03,2012-02-18 12:53,train
ol,LB10-3,39.89,0.02,0.01,0.01,0,51.74,0,0.1,7.42,0.39,0,0,99.58,2012-02-18 8:00,test
ol,LB14-32,39.72,0.01,0.01,0,0.03,51.74,0,0.09,7.75,0.33,0,0.01,99.69,2012-02-18 12:09,train
ol,LB12-60,40.95,0,0.01,0.01,0,51.74,0.01,0.11,7.41,0.4,0,0.01,100.64,2012-02-16 23:54,train
ol,LB14-39,39.69,0,0.01,0.01,0,51.75,0.01,0.14,7.69,0.35,0,0.01,99.64,2012-02-18 12:37,train
ol,P3-5-1,42.7,0.02,0.12,7.86,0.12,51.75,0,0,0,0.01,0.36,0,102.94,2012-03-14 5:16,train
ol,P3-2-2,41.23,0,0.02,8.14,0.13,51.75,0.01,0,0.01,0.02,0.39,0,101.7,2012-03-14 4:33,test
ol,LB10-1,39.88,0,0,0,0.01,51.75,0.01,0.11,7.42,0.36,0,0.01,99.56,2012-02-18 7:52,train
ol,LB15-60,41.39,0,0.02,0,0,51.75,0,0.12,7.69,0.36,0,0,101.35,2012-02-17 8:44,train
ol,LB12-130,41.23,0.01,0.03,0,0.01,51.76,0.01,0.11,7.42,0.4,0.01,0.01,100.99,2012-02-17 4:24,test
ol,LB12-112,40.92,0,0.01,0,0,51.77,0.01,0.11,7.42,0.41,0,0.01,100.66,2012-02-17 3:14,train
ol,LB12-108,41.31,0.02,0,0,0,51.77,0.01,0.09,7.26,0.42,0,0.01,100.89,2012-02-17 2:58,train
ol,LB12-123,41.26,0.02,0.01,0,0,51.77,0.01,0.09,7.43,0.38,0.01,0,100.98,2012-02-17 3:56,test
ol,LB14-37,39.73,0,0.02,0,0.01,51.77,0.01,0.11,7.67,0.35,0,0.01,99.68,2012-02-18 12:29,train
ol,LB15-27,40.91,0.02,0.02,0.01,0.36,51.77,0,0.13,7.77,0.33,0,0.01,101.32,2012-02-17 6:36,train
ol,LB14-51,39.64,0.02,0,0,0.02,51.77,0,0.11,7.64,0.34,0,0,99.55,2012-02-18 13:26,test
ol,LB16-50,40.96,0,0.01,0,0.01,51.77,0,0.11,7.38,0.37,0,0,100.63,2012-02-17 20:22,train
ol,LB11-45,41.24,0,0.02,0,0.01,51.78,0.01,0.09,7.34,0.37,0.01,0,100.87,2012-02-21 20:51,train
ol,LB14-49,39.54,0.01,0.02,0,0.01,51.79,0.01,0.13,7.59,0.34,0,0,99.44,2012-02-18 13:17,train
ol,P3-1-3,41.5,0.01,0.01,8.19,0.13,51.79,0.01,0,0,0,0.37,0.01,102.03,2012-03-14 4:14,test
ol,LB16-49,40.56,0,0,0,0,51.79,0.01,0.09,7.41,0.37,0,0,100.24,2012-02-17 20:18,train
ol,LB16-112,40.52,0,0.02,0,0.12,51.79,0.01,0.12,7.7,0.36,0.01,0,100.65,2012-02-18 0:25,train
ol,P4-23-8,41.77,0,0.01,7.84,0.12,51.79,0,0,0,0.01,0.36,0.01,101.92,2012-03-14 3:47,test
ol,P3-3-1,41.72,0,0.02,8.2,0.11,51.79,0.01,0.01,0,0.03,0.36,0.01,102.26,2012-03-14 4:53,train
ol,LB15-53,41.1,-0.01,0.01,0,0.03,51.79,0.02,0.12,7.59,0.34,0,0,101.01,2012-02-17 8:17,train
ol,LB16-12,40.77,0,0.01,0,0,51.81,0.01,0.1,7.45,0.37,0.01,0.01,100.53,2012-02-17 17:55,test
ol,LB11-7,41.16,0,0.05,0.01,0.02,51.81,0.01,0.11,7.51,0.38,0,0.01,101.06,2012-02-21 18:18,train
ol,P4-8-3,41.89,0,0.01,8.14,0.13,51.81,0.01,0,0,0.02,0.38,0.01,102.4,2012-03-13 21:29,train
ol,LB10-25,39.9,0,0.01,0,0,51.82,0.01,0.09,7.47,0.37,0,0.01,99.68,2012-02-18 9:27,test
ol,LB14-45,39.44,0,0.01,0.01,0,51.82,0.01,0.12,7.48,0.34,0.01,0,99.23,2012-02-18 13:01,train
ol,P4-6-3,41.63,0,0.01,8.17,0.1,51.82,0.01,0.01,0.01,0.01,0.38,0.02,102.17,2012-03-13 20:46,train
ol,LB15-13,41.29,0,0.02,0.01,0.01,51.82,0,0.11,7.62,0.34,0,0.01,101.22,2012-02-17 5:42,train
ol,P4-7-4,41.64,0.03,0.02,8.17,0.12,51.82,0.01,0,0,0.01,0.4,0,102.24,2012-03-13 21:10,test
ol,LB15-35,41.21,0,0,0.01,0,51.82,0,0.12,7.65,0.35,0,0.01,101.18,2012-02-17 7:07,train
ol,LB12-85,41.3,0.01,0,0.02,0.01,51.83,0.01,0.11,7.41,0.44,0,0,101.13,2012-02-17 1:30,train
ol,LB14-41,39.49,0,0.01,0.01,0.01,51.83,0,0.11,7.58,0.36,0,0,99.4,2012-02-18 12:45,test
ol,LB16-57,40.8,0,0.02,0,0.18,51.83,0.01,0.11,7.3,0.35,0,0,100.61,2012-02-17 20:50,train
ol,LB15-62,41.27,0,0,0.01,0,51.84,0,0.11,7.72,0.34,0.01,0.01,101.29,2012-02-17 8:52,train
ol,P3-1-6,40.86,0,0.01,8.09,0.11,51.84,0.01,0.01,0,0.01,0.37,0,101.31,2012-03-14 4:25,test
ol,LB11-48,41.25,0,0,0,0.01,51.84,0.01,0.1,7.46,0.38,0.01,0,101.06,2012-02-21 21:03,train
ol,P1-4,41.78,0,0,8.22,0.13,51.84,0.01,0,0,0,0.39,0.01,102.39,2012-03-14 8:09,train
ol,LB14-18,39.57,0.01,0.01,0,0.01,51.85,0.01,0.12,7.57,0.33,0,0,99.47,2012-02-18 11:12,test
ol,P4-5-2,41.53,0.01,0.03,8.07,0.13,51.85,0.01,0.01,0,0.02,0.38,0,102.04,2012-03-13 20:31,train
ol,LB11-37,41.21,0.01,0.02,0,0,51.85,0,0.11,7.44,0.35,0,0,100.98,2012-02-21 20:20,train
ol,LB15-28,41.21,0,0.02,0,0.03,51.85,0,0.1,7.73,0.37,0,0,101.31,2012-02-17 6:40,train
ol,LB15-36,41.2,0,0,0,0,51.85,0.01,0.09,7.71,0.34,0,0.01,101.21,2012-02-17 7:11,test
ol,LB16-99,40.48,0.01,0.01,0,0,51.86,0.01,0.12,7.48,0.34,0,0,100.3,2012-02-17 23:35,train
ol,P4-7-2,41.84,0.01,0.02,8.05,0.13,51.86,0.01,0,0.01,0.01,0.37,0.01,102.31,2012-03-13 21:02,train
ol,LB14-14,39.36,0.01,0,0,0,51.86,0.01,0.12,7.54,0.35,0,0,99.24,2012-02-18 10:56,test
ol,LB16-123,40.63,0,0.01,0.01,0,51.86,0.01,0.11,7.45,0.37,0,0.01,100.46,2012-02-18 1:09,train
ol,LB10-67,40.93,0.01,0.01,0.01,0,51.86,0.01,0.11,7.46,0.36,0,0,100.76,2012-02-21 17:35,train
ol,LB10-34,41.45,0,0,0,0.01,51.86,0.01,0.12,7.45,0.34,0,0.01,101.27,2012-02-21 15:27,test
ol,LB15-61,41.18,0,0.02,0.01,0.02,51.87,0.01,0.1,7.55,0.36,0,0,101.12,2012-02-17 8:48,train
ol,LB12-119,41.12,0,0.02,0,0.04,51.87,0.01,0.11,7.53,0.39,0,0,101.08,2012-02-17 3:41,train
ol,LB15-29,40.89,0,0.01,0,0,51.87,0.01,0.11,7.66,0.35,0,0,100.92,2012-02-17 6:43,test
ol,LB15-31,40.99,0,0.01,0,0,51.87,0.01,0.13,7.58,0.33,0,0,100.92,2012-02-17 6:51,train
ol,P4-8-1,41.81,0.01,0.02,8.08,0.13,51.87,0.01,0,0,0,0.41,0,102.35,2012-03-13 21:21,train
ol,LB16-125,40.51,0,0.03,0,0,51.87,0.01,0.1,7.4,0.35,0.01,0.01,100.28,2012-02-18 1:16,train
ol,LB16-109,40.37,0,0.03,0.02,0,51.87,0.16,0.11,7.51,0.36,0.1,0.03,100.56,2012-02-18 0:13,test
ol,LB14-15,39.82,0,0.01,0,0,51.88,0.01,0.11,7.51,0.37,0,0,99.71,2012-02-18 11:00,train
ol,LB11-5,41.46,0,0.01,0.01,0,51.88,0.01,0.1,7.44,0.4,0,0.01,101.31,2012-02-21 18:10,train
ol,P4-22-13,41.79,0,0.02,7.52,0.11,51.89,0.01,0,0,0,0.37,0,101.7,2012-03-14 2:49,test
ol,LB16-104,41,0,0.01,0,0.07,51.89,0,0.1,7.37,0.35,0,0,100.78,2012-02-17 23:54,train
ol,P4-1-3,41.98,0,0.02,8.12,0.11,51.89,0.01,0,0.01,0.02,0.37,0.01,102.54,2012-03-13 19:34,train
ol,P4-8-5,41.83,0,0.07,8.13,0.09,51.89,0.01,0,0,0.01,0.41,0,102.45,2012-03-13 21:37,test
ol,LB16-46,40.96,0.01,0,0,0.01,51.9,0.01,0.1,7.38,0.36,0,0.01,100.72,2012-02-17 20:06,train
ol,LB16-78,40.66,0,0.01,0,0.02,51.9,0.01,0.11,7.47,0.35,0.01,0,100.53,2012-02-17 22:12,train
ol,P4-11-2,41.87,0,0.03,8.19,0.11,51.9,0.01,0,0,0.03,0.4,0,102.54,2012-03-13 22:42,test
ol,LB11-51,41.22,0,0.03,0.01,0,51.9,0,0.1,7.47,0.37,0,0,101.11,2012-02-21 21:15,train
ol,LB15-63,41.11,0,0.03,0.01,0.01,51.9,0.01,0.11,7.62,0.35,0,0,101.15,2012-02-17 8:56,train
ol,LB16-63,40.99,0,0,0.01,0.01,51.91,0.01,0.12,7.43,0.35,0,0.01,100.84,2012-02-17 21:13,test
ol,LB11-2,41.25,0,0,0,0,51.92,0.01,0.1,7.52,0.38,0,0,101.18,2012-02-21 17:58,train
ol,P4-13-2,41.62,0.02,0.01,8.19,0.12,51.93,0.01,0,0,0,0.38,0.01,102.29,2012-03-13 23:13,train
ol,LB15-12,41.02,0,0,0,0,51.94,0,0.12,7.62,0.35,0,0,101.05,2012-02-17 5:38,test
ol,LB12-80,41.13,0,0.01,0,0.02,51.95,0.01,0.1,7.28,0.39,0.01,0,100.9,2012-02-17 1:10,train
ol,P3-8-3,37.77,0,0,7.28,0.11,51.95,0,0,0,0.01,0.36,0,97.49,2012-03-14 6:51,train
ol,LB14-9,39.82,0,0,0,0.09,51.95,0,0.11,7.6,0.34,0,0,99.92,2012-02-18 10:36,train
ol,LB11-47,41.27,0,0.02,0,0,51.96,0.01,0.1,7.38,0.39,0,0,101.12,2012-02-21 20:59,test
ol,LB11-49,41.14,0,0.01,0,0.03,51.96,0.01,0.11,7.5,0.34,0,0,101.1,2012-02-21 21:07,train
ol,LB14-6,39.92,0,0,0.01,0.07,51.96,0.02,0.11,7.6,0.34,0,0.01,100.03,2012-02-18 10:24,train
ol,P4-9-5,41.82,0,0.01,8,0.12,51.96,0.01,0,0.01,0,0.4,0,102.33,2012-03-13 22:04,test
ol,LB16-65,40.72,0,0.02,0,0.02,51.96,0.01,0.12,7.4,0.35,0,0,100.6,2012-02-17 21:21,train
ol,LB11-50,41.11,0,0.01,0,0.02,51.96,0.01,0.1,7.43,0.37,0.01,0,101.02,2012-02-21 21:11,train
ol,P4-7-3,41.88,0,0.02,8.12,0.11,51.97,0.01,0,0,0.01,0.39,0,102.51,2012-03-13 21:06,test
ol,P3-7-7,41.65,0,0.02,7.93,0.12,51.97,0.01,0,0,0,0.38,0.01,102.1,2012-03-14 6:23,train
ol,LB14-13,39.62,0,0.01,0,0.01,51.98,0.01,0.13,7.57,0.35,0,0,99.67,2012-02-18 10:52,train
ol,LB5-2-17,39.64,0.01,0,0,0,51.98,0.02,0.12,7.77,0.44,0.01,0,100,2011-10-28,test
ol,LB10-28,39.63,0,0.01,0,0.01,51.99,0,0.1,7.5,0.37,0,0,99.62,2012-02-18 9:39,train
ol,LB11-6,41.28,0.01,0.03,0,0.02,52,0.01,0.1,7.51,0.38,0,0.01,101.34,2012-02-21 18:14,train
ol,P1-15,42.09,0,0.01,7.5,0.11,52,0,0,0.01,0.01,0.35,0,102.08,2012-03-14 8:53,train
ol,LB11-38,41.31,0,0.02,0.01,0,52,0,0.11,7.44,0.36,0,0,101.26,2012-02-21 20:24,test
ol,LB14-50,39.57,0,0.03,0,0,52,0.01,0.11,7.62,0.35,0,0,99.7,2012-02-18 13:21,train
ol,P3-1-4,41.98,0,0.01,8.14,0.14,52.01,0.01,0,0,0.03,0.41,0,102.73,2012-03-14 4:18,train
ol,LB15-32,40.91,0,0,0,0,52.02,0.01,0.11,7.61,0.34,0.01,0,101,2012-02-17 6:55,test
ol,LB3-73,39.3,0,0.02,0,0,52.02,0.02,0.11,8.13,0.37,0,0.01,99.98,2012-02-18 6:20,train
ol,P4-10-5,41.84,0,0.01,8.22,0.09,52.02,0.01,0,0,0.01,0.38,0,102.59,2012-03-13 22:31,train
ol,LB16-81,41,0.01,0.01,0.01,0,52.05,0.01,0.12,7.43,0.35,0,0,100.98,2012-02-17 22:24,train
ol,P4-12-1,41.94,0,0,8.16,0.12,52.06,0,0,0,0.01,0.37,0,102.66,2012-03-13 22:54,train
ol,P4-9-2,41.62,0,0,8.21,0.1,52.06,0.01,0,0,0,0.4,0,102.41,2012-03-13 21:52,train
ol,P4-12-3,41.91,0.01,0.03,8.17,0.13,52.07,0.01,0,0,0.01,0.39,0.01,102.74,2012-03-13 23:02,test
ol,P4-10-3,41.75,0.02,0.02,8.16,0.12,52.07,0.02,0,0,0,0.39,0,102.54,2012-03-13 22:23,train
ol,P3-4-3,41.85,0,0.01,8.19,0.11,52.07,0.01,0.01,0,0.01,0.4,0.01,102.66,2012-03-14 5:12,train
ol,P3-1-5,41.58,0,0.01,8.16,0.12,52.07,0.01,0,0,0,0.4,0.01,102.36,2012-03-14 4:22,train
ol,LB16-122,40.22,0.02,0.02,0,0.01,52.08,0.01,0.09,7.51,0.35,0,0,100.32,2012-02-18 1:05,test
ol,P1-7,41.68,0,0.01,8.17,0.12,52.08,0.02,0,0,0,0.4,0,102.5,2012-03-14 8:21,train
ol,P4-13-3,42.07,0.01,0.03,8.3,0.12,52.09,0.01,0,0,0,0.41,0.01,103.05,2012-03-13 23:17,train
ol,LB12-43,41.24,0,0,0,0,52.1,0,0.12,7.5,0.43,0,0,101.4,2012-02-16 22:48,test
ol,LB16-67,40.5,0.01,0.01,0,0.01,52.11,0.01,0.1,7.36,0.33,0,0,100.45,2012-02-17 21:29,train
ol,LB15-18,41.01,0,0.02,0,0.03,52.12,0.01,0.09,7.69,0.33,0,0.01,101.3,2012-02-17 6:01,train
ol,P4-15-3,42.13,0,0.01,7.57,0.11,52.13,0.01,0.01,0,0,0.36,0,102.32,2012-03-13 23:48,test
ol,P1-24,35.39,0,0.01,7.25,0.11,52.13,0.01,0,0.01,0.01,0.36,0,95.26,2012-03-14 9:30,train
ol,P3-7-11,42.17,0,0.02,7.92,0.11,52.13,0,0,0,0,0.37,0.01,102.73,2012-03-14 6:38,train
ol,P4-8-6,41.37,0,0,8.11,0.11,52.15,0.01,0,0,0,0.39,0.02,102.15,2012-03-13 21:41,train
ol,P1-6,41.84,0,0.02,8.28,0.11,52.15,0.01,0,0,0.01,0.39,0,102.81,2012-03-14 8:17,train
ol,P4-11-1,41.61,0,0,8.15,0.14,52.15,0.01,0,0,0,0.39,0.01,102.46,2012-03-13 22:39,train
ol,LB12-12,41.21,0.03,0.01,0,0.01,52.16,0.02,0.12,7.42,0.42,0,0,101.4,2012-02-16 20:49,test
ol,P4-20-1,40.99,0,0.02,7.51,0.1,52.17,0,0,0,0,0.35,0,101.16,2012-03-14 1:15,train
ol,LB16-80,40.34,0.02,0.01,0,0,52.17,0.01,0.09,7.45,0.33,0,0,100.42,2012-02-17 22:20,train
ol,P4-23-10,41.63,0,0.01,7.74,0.1,52.19,0.01,0.01,0,0.01,0.4,0.01,102.11,2012-03-14 3:54,test
ol,P3-7-6,42.12,0.01,0.03,7.91,0.1,52.2,0,0,0,0,0.37,0,102.75,2012-03-14 6:19,train
ol,LB15-8,40.68,0.01,0.01,0.01,0,52.21,0.02,0.1,7.63,0.35,0,0.01,101.03,2012-02-17 5:22,train
ol,P4-17-4,42.3,0,0,7.57,0.11,52.23,0.01,0,0,0,0.38,0,102.61,2012-03-14 0:16,test
ol,P3-9-1,41.92,0.01,0,7.31,0.1,52.25,0,0,0,0.02,0.37,0,101.97,2012-03-14 7:03,train
ol,P4-22-3,42.03,0,0.03,7.49,0.11,52.25,0,0,0,0.03,0.35,0,102.3,2012-03-14 2:10,train
ol,P4-22-19,42.29,0.01,0.02,7.43,0.11,52.28,0.01,0,0,0.01,0.37,0,102.53,2012-03-14 3:13,test
ol,P4-19-1,42.66,0.01,0.03,7.66,0.12,52.29,0,0,0,0,0.36,0,103.13,2012-03-14 0:47,train
ol,P1-1,41.23,0,0,7.53,0.13,52.31,0.01,0,0,0,0.36,0,101.56,2012-03-14 7:57,train
ol,P4-22-15,41.96,0,0.01,7.56,0.09,52.33,0.01,0,0.01,0,0.34,0,102.3,2012-03-14 2:56,train
ol,P4-23-12,41.68,0.01,0.02,7.83,0.11,52.33,0,0,0,0,0.41,0.01,102.39,2012-03-14 4:02,train
ol,P1-22,41.83,0,0.02,7.64,0.11,52.37,0.01,0,0,0.02,0.35,0,102.35,2012-03-14 9:22,train
ol,P1-16,42.24,0,0.01,7.58,0.13,52.4,0.01,0,0.01,0.03,0.35,0,102.76,2012-03-14 8:57,test
ol,P4-19-3,41.77,0,0.03,7.59,0.12,52.41,0.01,0,0,0.02,0.35,0.02,102.32,2012-03-14 0:55,train
ol,P4-21-5,42.05,0,0.02,7.51,0.11,52.42,0,0,0,0,0.38,0.01,102.51,2012-03-14 1:50,train
ol,P4-21-3,42.14,0,0.01,7.37,0.1,52.43,0,0.01,0,0,0.34,0,102.41,2012-03-14 1:43,train
ol,P4-22-12,41.77,0,0.02,7.54,0.12,52.44,0,0,0.01,0.01,0.35,0,102.26,2012-03-14 2:45,test
ol,P4-23-9,41.67,0,0.03,7.79,0.11,52.44,0.01,0,0,0,0.37,0,102.42,2012-03-14 3:50,train
ol,P4-14-4,41.46,0,0.05,7.54,0.11,52.44,0.01,0.01,0,0,0.35,0,101.96,2012-03-13 23:36,train
ol,P4-22-4,41.99,0,0,7.54,0.1,52.45,0.01,0,0,0,0.37,0,102.48,2012-03-14 2:14,test
ol,P4-22-14,42.16,-0.01,0.03,7.46,0.11,52.46,0,0,0.01,0,0.36,0,102.58,2012-03-14 2:52,train
ol,P4-17-6,42.04,0,0,7.57,0.12,52.47,0.01,0,0,0.02,0.35,0,102.58,2012-03-14 0:23,train
ol,LB12-62,40.73,0,0.03,0,0.04,52.52,0.01,0.12,7.42,0.41,0,0.01,101.3,2012-02-17 0:01,test
ol,P4-22-10,41.98,0.01,0,7.52,0.09,52.53,0.01,0,0.01,0,0.36,0.01,102.51,2012-03-14 2:37,train
ol,P4-14-3,42.17,0,0.01,7.53,0.11,52.54,0,0,0,0,0.35,0.01,102.72,2012-03-13 23:33,train
ol,P4-19-4,42.06,0,0.03,7.57,0.09,52.57,0.01,0,0,0,0.35,0.01,102.7,2012-03-14 0:58,test
ol,P4-21-4,42.35,0,0.03,7.49,0.1,52.61,0.01,0,0,0,0.39,0.02,102.99,2012-03-14 1:47,train
ol,P4-21-1,42.04,0,0.01,7.57,0.12,52.67,0.01,0,0,0,0.36,0,102.78,2012-03-14 1:35,train
ol,P1-13,42.31,0.02,0.01,7.56,0.11,52.73,0,0,0,0.01,0.34,0.02,103.11,2012-03-14 8:45,train
ol,P4-21-2,42.35,0,0.02,7.54,0.13,52.78,0.02,0,0,0,0.38,0,103.21,2012-03-14 1:39,test
ol,P4-15-4,42.05,0.01,0.01,7.5,0.1,52.8,0,0,0.01,0,0.36,0.01,102.84,2012-03-13 23:52,train
ol,P4-22-18,41.89,0,0.03,7.53,0.11,52.84,0.01,0,0.01,0,0.35,0,102.76,2012-03-14 3:09,train
ol,P4-16-1,42.06,0,0.01,7.52,0.11,53.09,0,0,0.01,0,0.37,0,103.18,2012-03-13 23:56,test
ol,LB3-36,37.46,0,0.04,0.01,0.01,53.94,0.04,0.11,7.21,0.37,0.01,0,99.2,2012-02-18 3:54,train
opx,LB5-2-34,53.63,0.02,1.49,0.01,0.27,26.62,12.09,0.1,3.08,0.07,0.15,0,97.52,2011-10-28,test
opx,LB5-2-25,55,0,1.68,0.01,0.27,29.55,8.76,0.09,3.78,0.07,0.11,0,99.33,2011-10-28,train
opx,P2-1,32.97,0.02,1.37,4.21,0.11,32.12,0.15,0,0,0.22,0.06,0.02,71.26,2012-03-14 9:39,train
opx,P4-23-3,52.57,0.03,2.42,4.57,0.12,33.94,2.06,0.12,0.01,0.34,0.06,0,96.24,2012-03-14 3:26,test
opx,LB10-11,55.27,0.01,1.98,0.01,0.41,34.26,1.54,0.13,4.8,0.05,0.1,0,98.54,2012-02-18 8:31,train
opx,P3-5-5,44.11,0.02,2.37,4.72,0.13,34.31,0.2,0.03,0,0.42,0.06,0,86.38,2012-03-14 5:33,train
opx,LB5-1-41,56.32,0,1.81,0.01,0.29,34.7,1.05,0.14,4.98,0.08,0.01,0,99.4,2011-10-29,test
opx,LB12-8,56.01,0,2.92,0,0.53,34.71,1.33,0.12,4.75,0.07,0.03,0,100.47,2012-02-16 20:34,train
opx,P4-15-1,57.42,0.01,2.42,4.98,0.14,34.73,1.82,0.1,0,0.33,0.1,0.01,102.07,2012-03-13 23:40,train
opx,LB10-60,56.27,0,2.35,0,0.48,34.77,1.18,0.12,4.75,0.05,0.06,0.01,100.05,2012-02-21 17:07,test
opx,P3-5-3,56.79,0.02,2.92,4.88,0.14,34.86,1.01,0.14,0,0.64,0.07,0.01,101.49,2012-03-14 5:24,train
opx,LB12-115,55.74,0.01,3.01,0.02,0.59,34.95,0.74,0.14,4.71,0.07,0.03,0,100.02,2012-02-17 3:25,train
opx,LB10-14,54.61,0,2.41,0.01,0.56,35.03,1.03,0.1,4.8,0.07,0.06,0,98.7,2012-02-18 8:43,test
opx,LB7-18,57.43,0.04,1.09,0.02,0.26,35.09,0.23,0.11,4.87,0.08,0.02,0.01,99.24,2011-10-29,train
opx,LB11-27,56.12,0,2.67,0.02,0.69,35.11,0.61,0.13,4.86,0.07,0.04,0,100.31,2012-03-02 18:41,train
opx,P3-5-4,43.89,0.02,1.7,4.66,0.12,35.12,0.17,0.01,0,0.21,0.08,0.01,85.99,2012-03-14 5:28,train
opx,LB12-116,56.21,0.01,2.93,0,0.59,35.12,0.8,0.13,4.75,0.09,0.02,0.01,100.66,2012-02-17 3:29,test
opx,LB10-20,54.84,0,2.19,0.01,0.45,35.17,0.85,0.14,4.92,0.07,0.04,0,98.67,2012-02-18 9:07,train
opx,LB11-55,57.07,0,1.56,0.01,0.33,35.2,1.25,0.12,4.89,0.05,0.04,0,100.51,2012-03-02 19:19,train
opx,P1-20,57.55,0,2.1,4.77,0.12,35.25,1.76,0.03,0.01,0.43,0.09,0,102.11,2012-03-14 9:13,test
opx,LB5-1-40,56.59,-0.01,1.71,0.02,0.25,35.26,0.17,0.15,5.13,0.08,-0.01,0,99.37,2011-10-29,train
opx,LB14-52,54.95,0,1.93,0.01,0.48,35.26,1.18,0.13,4.82,0.05,0.05,0,98.86,2012-02-18 13:30,train
opx,LB11-30,56.04,0,2.25,0.02,0.45,35.28,0.4,0.13,5.1,0.07,0.03,0.01,99.78,2012-03-02 18:52,test
opx,LB7-35,57.62,0.02,1.14,0,0.26,35.28,0.22,0.14,4.83,0.08,0.02,0,99.63,2011-10-29,train
opx,LB5-1-48,56.88,0,1.52,0,0.17,35.29,0.18,0.11,5.03,0.09,-0.01,0.01,99.28,2011-10-29,train
opx,LB7-46,57.36,-0.01,1.16,0,0.27,35.32,0.22,0.12,4.83,0.1,0.01,0.01,99.39,2011-10-29,test
opx,LB10-21,54.72,0.01,2.41,0.01,0.52,35.32,0.51,0.1,4.91,0.07,0.02,0,98.6,2012-02-18 9:11,train
opx,LB7-16,57.42,0,1.12,0.01,0.28,35.33,0.24,0.12,4.88,0.09,0.03,0,99.51,2011-10-29,train
opx,LB7-33,58.32,0.01,1.17,0.02,0.26,35.34,0.23,0.12,4.87,0.09,0.02,0.01,100.45,2011-10-29,train
opx,LB5-1-43,56.9,0.01,1.52,0.01,0.19,35.36,0.19,0.14,5.07,0.07,0.01,0.01,99.48,2011-10-29,test
opx,LB5-1-38,56.7,0.02,1.59,0.02,0.22,35.37,0.18,0.12,5.06,0.07,0,0,99.37,2011-10-29,train
opx,LB5-2-24,55.63,0.01,1.96,0,0.35,35.4,0.18,0.11,5.07,0.08,0,0.02,98.81,2011-10-28,train
opx,LB7-19,57.39,0,1.13,0,0.24,35.41,0.22,0.13,4.94,0.07,0.04,0.01,99.59,2011-10-29,test
opx,LB14-53,55.01,0,2.45,0.03,0.57,35.42,0.65,0.13,4.99,0.07,0.03,0,99.35,2012-02-18 13:34,train
opx,LB5-1-32,56.76,0.01,1.53,0.01,0.21,35.44,0.18,0.12,5.04,0.08,0,0.01,99.37,2011-10-29,train
opx,LB10-26,55.4,0,2,0.01,0.42,35.46,0.74,0.13,4.85,0.06,0.05,0,99.11,2012-02-18 9:31,test
opx,LB12-88,56.36,0,2.71,0,0.42,35.49,0.43,0.15,4.89,0.06,0.01,0,100.52,2012-02-17 1:41,train
opx,LB5-1-46,57.04,0.01,1.54,0.02,0.21,35.49,0.19,0.12,5,0.09,0.01,0,99.71,2011-10-29,train
opx,LB7-43,57.06,0.02,1.26,0.01,0.27,35.49,0.23,0.11,4.86,0.07,0.03,0.01,99.43,2011-10-29,test
opx,P3-7-1,47.65,0.02,2.12,4.8,0.1,35.5,0.18,0.03,0,0.36,0.06,0.01,90.83,2012-03-14 5:58,train
opx,LB12-39,57.01,0.01,2.48,0.01,0.42,35.51,0.37,0.14,4.89,0.07,0.01,0,100.91,2012-02-16 22:32,train
opx,LB11-46,56.86,0.01,2.16,0.01,0.44,35.51,0.71,0.13,4.83,0.08,0.03,0,100.77,2012-02-21 20:55,train
opx,LB12-6,56.29,0,2.81,0,0.53,35.53,0.22,0.11,4.78,0.09,0,0,100.35,2012-02-16 20:26,test
opx,LB10-62,56.95,0,2.07,0,0.29,35.53,0.34,0.14,4.91,0.07,0.03,0.01,100.34,2012-02-21 17:15,train
opx,LB11-34,56.92,0,2.4,0,0.47,35.54,0.34,0.11,4.97,0.07,0.02,0,100.84,2012-02-21 20:09,train
opx,LB12-40,56.42,0,2.45,0.01,0.43,35.56,0.43,0.13,4.82,0.07,0.02,0,100.34,2012-02-16 22:36,test
opx,LB10-15,54.86,0.01,2.22,0.01,0.48,35.57,0.39,0.11,4.93,0.06,0.02,0.01,98.67,2012-02-18 8:47,train
opx,LB5-1-39,56.92,0.02,1.59,0.01,0.24,35.58,0.18,0.12,5.1,0.07,0,0,99.85,2011-10-29,train
opx,LB12-9,56.03,0,2.52,0.02,0.5,35.58,0.44,0.12,4.91,0.07,0.02,0.01,100.22,2012-02-16 20:38,test
opx,LB7-14,57.84,0.02,1.08,0.01,0.21,35.6,0.22,0.11,4.92,0.07,0.01,0,100.09,2011-10-29,train
opx,LB7-15,57.18,0.02,1.14,0,0.28,35.6,0.22,0.13,4.92,0.06,0.01,0,99.58,2011-10-29,train
opx,LB5-2-23,55.93,-0.01,1.56,0.01,0.22,35.63,0.17,0.1,5.06,0.09,0.01,0.02,98.79,2011-10-28,test
opx,LB10-10,54.95,0.03,2.1,0.01,0.42,35.64,0.41,0.14,4.91,0.06,0.04,0,98.71,2012-02-18 8:27,train
opx,LB11-64,56.92,0,1.98,0.01,0.41,35.65,0.31,0.13,5.05,0.06,0.02,0,100.55,2012-03-02 19:49,train
opx,LB11-22,55.48,0.02,1.8,0,0.39,35.65,0.19,0.12,5.08,0.05,0.01,0.01,98.8,2012-03-02 18:22,train
opx,LB12-114,55.93,0,2.47,0.01,0.45,35.68,0.43,0.14,4.81,0.06,0.02,0,99.99,2012-02-17 3:22,test
opx,LB13-6,56.11,0,1.49,0,0.22,35.69,0.19,0.14,5.12,0.06,0.02,0.01,99.06,2012-03-02 20:11,train
opx,LB11-35,56.74,0.02,2.29,0,0.45,35.69,0.31,0.09,4.9,0.07,0.02,0,100.58,2012-02-21 20:12,train
opx ,LB5-2-1,55.96,0.01,1.5,0,0.2,35.69,0.19,0.12,5.02,0.08,0,0,98.76,2011-10-28,test
opx,LB5-1-23,56.33,0,1.8,0.01,0.22,35.7,0.19,0.13,5.02,0.06,0.01,0,99.47,2011-10-28,train
opx,LB5-1-42,56.62,0,1.56,0.01,0.2,35.71,0.19,0.14,5.09,0.08,0,0,99.59,2011-10-29,train
opx,LB5-1-24,56.06,0.01,1.84,0.01,0.24,35.72,0.17,0.12,5.11,0.08,0,0,99.36,2011-10-28,train
opx,LB3-88,55.63,0,1.89,0.01,0.27,35.73,0.22,0.13,5.26,0.07,0.01,0,99.2,2012-02-18 7:19,train
opx,LB12-7,56.3,0,2.44,0.02,0.43,35.74,0.36,0.11,4.89,0.07,0.01,0,100.37,2012-02-16 20:30,train
opx,LB12-10,56.64,0.01,2.49,0.01,0.41,35.75,0.24,0.14,4.97,0.07,0,0,100.73,2012-02-16 20:42,test
opx,LB10-24,55.21,0.01,2.17,0.02,0.44,35.75,0.27,0.12,4.91,0.06,0.02,0,98.98,2012-02-18 9:23,train
opx,LB14-26,55.55,0.02,1.78,0.03,0.42,35.77,0.67,0.14,5.01,0.06,0.02,0,99.46,2012-02-18 11:44,train
opx,LB14-40,55.45,0.03,1.84,0.01,0.37,35.78,0.51,0.13,5.02,0.05,0.01,0.01,99.2,2012-02-18 12:41,test
opx,LB14-30,55.17,0.01,1.93,0.01,0.48,35.78,0.49,0.13,4.96,0.05,0.02,0.01,99.03,2012-02-18 12:01,train
opx,LB14-48,55.43,0,2.25,0.02,0.45,35.78,0.41,0.15,5.03,0.05,0,0,99.56,2012-02-18 13:13,train
opx,P4-22-16,57.3,0.01,2.65,4.71,0.13,35.79,0.63,0.03,0,0.64,0.07,0,101.95,2012-03-14 3:01,test
opx,LB14-46,55.64,0.02,1.74,0.01,0.35,35.81,0.45,0.15,4.97,0.05,0.01,0.01,99.21,2012-02-18 13:05,train
opx,LB12-91,56.66,0,2.44,0,0.43,35.82,0.2,0.11,4.91,0.07,0.01,0.01,100.67,2012-02-17 1:53,train
opx,LB3-89,55.26,0,1.92,0.02,0.26,35.83,0.38,0.15,5.16,0.09,0.03,0,99.11,2012-02-18 7:23,train
opx,P3-phlo-4,55.68,0.01,3.26,5.18,0.15,35.83,0.22,0.02,0,0.52,0.06,0,100.93,2012-03-14 4:49,test
opx,LB12-74,57.2,0,1.73,0.01,0.22,35.84,0.18,0.14,4.84,0.08,0.02,0.01,100.28,2012-02-17 0:47,train
opx,LB14-47,55.07,0,2.15,0,0.46,35.85,0.32,0.14,5.08,0.07,0.01,0.01,99.15,2012-02-18 13:09,train
opx,LB3-66,55.61,0,1.88,0.02,0.28,35.86,0.21,0.12,5.1,0.07,0.02,0,99.17,2012-02-18 5:52,test
opx,LB3-68,55.11,0,1.86,0,0.29,35.86,0.25,0.14,5.08,0.08,0.01,0,98.7,2012-02-18 6:00,train
opx,LB11-63,56.17,0,2.21,0.02,0.54,35.88,0.47,0.11,4.99,0.06,0.03,0,100.48,2012-03-02 19:45,train
opx,P3-9-4,57.46,0,2.52,4.86,0.11,35.89,0.69,0.02,0,0.57,0.08,0.01,102.21,2012-03-14 7:15,test
opx,LB3-16,55.62,0.01,1.88,0,0.25,35.9,0.23,0.14,5.16,0.06,0.02,0.01,99.3,2012-02-18 2:35,train
opx,P3-2-1,58.18,0,2.02,5.24,0.13,35.91,0.23,0.02,0,0.29,0.09,0,102.1,2012-03-14 4:29,train
opx,LB12-76,56.52,0,2.31,0.02,0.41,35.92,0.22,0.13,4.84,0.09,0,0,100.46,2012-02-17 0:55,test
opx,LB3-15,55.88,0,1.85,0.01,0.28,35.93,0.22,0.1,5.15,0.09,0.02,0,99.53,2012-02-18 2:32,train
opx,LB3-26,55.92,0,1.9,0,0.27,35.93,0.22,0.14,5.14,0.07,0.01,0.01,99.62,2012-02-18 3:15,train
opx,LB13-18,56.04,0.02,1.49,0.02,0.24,35.94,0.2,0.16,5.13,0.07,0.01,0.01,99.32,2012-03-02 20:57,train
opx,LB3-90,55.34,0.03,1.96,0.02,0.29,35.94,0.29,0.13,5.19,0.09,0.02,0,99.31,2012-02-18 7:27,test
opx,LB10-70,57.21,0.01,1.49,0,0.22,35.94,0.17,0.11,4.92,0.07,0.01,0.01,100.16,2012-02-21 17:47,train
opx,LB13-38,56.61,0,1.49,0.01,0.22,35.95,0.19,0.12,5.14,0.08,0.01,0,99.83,2012-03-02 22:08,train
opx,P1-3,58.64,0,2,5.29,0.16,35.96,0.22,0.02,0,0.24,0.07,0.01,102.6,2012-03-14 8:05,test
opx,LB3-6,56.24,0.02,1.95,0.01,0.27,35.97,0.23,0.13,5.18,0.1,0.01,0.01,100.11,2012-02-18 1:56,train
opx,P3-phlo-2,57.51,0.01,2.21,5.12,0.15,35.97,0.23,0.02,0,0.32,0.07,0.02,101.6,2012-03-14 4:41,train
opx,LB3-86,55.32,0,1.94,0.01,0.26,35.98,0.23,0.13,5.13,0.08,0.02,0,99.1,2012-02-18 7:12,test
opx,LB10-68,56.64,0.01,1.92,0.01,0.34,35.99,0.4,0.13,4.89,0.06,0.01,0.01,100.39,2012-02-21 17:39,train
opx,LB7-76,57.01,-0.02,1.03,0,0.26,35.99,0.23,0.1,4.82,0.08,0.01,0,99.54,2012-03-02 23:35,train
opx,LB11-3,56.94,0.02,1.84,0,0.28,36,0.21,0.15,4.87,0.05,0.01,0,100.35,2012-02-21 18:02,test
opx,LB3-87,55.48,0,1.92,0.01,0.27,36,0.24,0.13,5.17,0.07,0.01,0.05,99.33,2012-02-18 7:15,train
opx,LB3-64,55.55,0.01,1.9,0.01,0.25,36,0.24,0.13,5.15,0.07,0.04,0.01,99.36,2012-02-18 5:44,train
opx,LB7-64,57.6,0,1.08,0.01,0.25,36,0.23,0.11,4.94,0.09,0.02,0.01,100.34,2012-03-02 22:50,train
opx,LB13-17,57.07,0.01,1.54,0.02,0.22,36.01,0.19,0.15,5.06,0.07,0,0,100.36,2012-03-02 20:53,test
opx,LB12-5,56.4,0,2.12,0,0.32,36.01,0.23,0.13,4.86,0.07,0.02,0.01,100.19,2012-02-16 20:23,train
opx,LB14-27,55.43,0.01,1.64,0.02,0.32,36.01,0.18,0.12,5.01,0.07,0.01,0.01,98.83,2012-02-18 11:48,train
opx,P4-22-6,57.64,0,2.43,4.93,0.14,36.03,0.57,0.01,0,0.46,0.06,0.01,102.27,2012-03-14 2:21,test
opx,LB16-90,57.45,0.01,0.86,0.01,0.18,36.03,0.21,0.14,4.9,0.07,0,0.01,99.86,2012-02-17 23:00,train
opx,LB3-21,55.7,0,1.87,0.02,0.25,36.04,0.23,0.15,5.21,0.08,0.02,0,99.56,2012-02-18 2:55,train
opx,LB13-35,56.48,0,1.7,0.01,0.25,36.04,0.2,0.13,5.07,0.06,0.01,0,99.96,2012-03-02 22:01,test
opx,P4-17-1,57.5,0,2.04,4.96,0.12,36.06,0.45,0.01,0.01,0.4,0.07,0.01,101.63,2012-03-14 0:04,train
opx,P3-phlo-3,58.05,0,2.13,5.18,0.15,36.07,0.22,0.02,0,0.28,0.08,0.02,102.19,2012-03-14 4:45,train
opx,LB16-100,56.5,0.01,1.38,0.02,0.36,36.08,0.55,0.15,4.83,0.07,0.01,0.01,99.97,2012-02-17 23:39,test
opx,LB3-70,55.05,0,1.86,0.03,0.24,36.08,0.22,0.14,5.14,0.09,0.02,0.01,98.87,2012-02-18 6:08,train
opx,LB12-79,57.08,0,1.88,0.01,0.3,36.09,0.18,0.15,4.82,0.1,0,0,100.6,2012-02-17 1:07,train
opx,LB13-39,56.91,0,1.76,0.01,0.27,36.09,0.2,0.14,5.07,0.09,0.01,0.01,100.54,2012-02-22 0:55,train
opx,LB12-113,56.38,0,1.88,0.02,0.32,36.1,0.67,0.15,4.86,0.08,0.02,0.02,100.5,2012-02-17 3:18,test
opx,LB13-42,57.18,0.01,1.62,0.02,0.22,36.1,0.19,0.15,5.05,0.07,0,0,100.62,2012-02-22 1:06,train
opx,LB3-76,55.73,0.01,2,0,0.28,36.11,0.22,0.16,5.19,0.09,0.01,0,99.81,2012-02-18 6:32,train
opx,LB3-14,55.77,0,1.87,0,0.25,36.15,0.23,0.15,5.1,0.08,0.02,0,99.62,2012-02-18 2:28,test
opx,LB14-1,55.29,0,1.7,0.01,0.4,36.18,0.29,0.13,5.03,0.06,0.01,0.01,99.1,2012-02-18 10:04,train
opx,P4-22-9,57.75,0.02,2.02,4.89,0.11,36.18,0.43,0.01,0,0.42,0.07,0,101.91,2012-03-14 2:33,train
opx,P3-phlo-1,57.42,0,2.2,5.17,0.12,36.2,0.23,0.01,0,0.32,0.08,0.01,101.76,2012-03-14 4:37,test
opx,LB12-98,57.32,0,1.42,0.02,0.26,36.21,0.17,0.11,4.83,0.08,0.01,0,100.43,2012-02-17 2:20,train
opx,P4-17-3,58.09,0,1.69,5.09,0.13,36.24,0.32,0,0,0.3,0.07,0,101.94,2012-03-14 0:12,train
opx,LB16-11,57.24,0.01,1.13,0,0.28,36.27,0.25,0.14,4.86,0.07,0,0,100.24,2012-02-17 17:51,test
opx,LB16-95,57.1,0,1.19,0,0.26,36.27,0.29,0.13,4.89,0.07,0.01,0,100.21,2012-02-17 23:19,train
opx,P4-23-2,55,0,2.12,4.88,0.13,36.28,0.23,0.02,0,0.31,0.06,0.02,99.06,2012-03-14 3:22,train
opx,LB16-22,57.28,0,1.22,0.02,0.26,36.33,0.26,0.13,4.89,0.06,0,0,100.46,2012-02-17 18:33,test
opx,LB16-89,56.87,0,1.22,0.03,0.29,36.34,0.24,0.11,4.84,0.07,0.02,0.01,100.04,2012-02-17 22:56,train
opx,LB16-54,57.11,0.01,1.27,0,0.35,36.34,0.33,0.14,4.89,0.05,0,0,100.5,2012-02-17 20:38,train
opx,LB16-87,57.19,0.01,1.28,0.01,0.31,36.37,0.41,0.14,4.9,0.05,0,0.01,100.68,2012-02-17 22:48,test
opx,LB15-4,57.23,0.01,1.55,0.03,0.32,36.38,0.16,0.13,5.1,0.06,0,0.01,100.97,2012-02-17 5:06,train
opx,P4-15-2,57.79,0.01,2.25,5.15,0.15,36.39,0.24,0.01,0,0.28,0.1,0.02,102.38,2012-03-13 23:44,train
opx,LB16-79,57.2,0.02,1.14,0.01,0.24,36.4,0.23,0.13,4.87,0.07,0,0.01,100.33,2012-02-17 22:16,train
opx,LB10-18,55.33,0,1.84,0.01,0.28,36.4,0.15,0.14,4.99,0.06,0.02,0.01,99.24,2012-02-18 8:59,test
opx,LB10-61,57.95,0,1.35,0,0.18,36.44,0.18,0.14,4.92,0.07,0,0.01,101.26,2012-02-21 17:11,train
opx,P1-19,57.53,0.01,1.53,4.9,0.13,36.49,0.93,0.02,0.01,0.31,0.05,0,101.91,2012-03-14 9:09,train
opx,P4-22-11,57.95,0,2.01,4.89,0.12,36.54,0.24,0.01,0,0.37,0.07,0,102.2,2012-03-14 2:41,test
opx,LB16-102,56.53,0,1.01,0,0.25,36.56,0.19,0.14,4.86,0.07,0,0,99.61,2012-02-17 23:46,train
opx,LB14-3,55.59,0,1.32,0.01,0.34,36.57,0.17,0.14,5.04,0.05,0,0.01,99.25,2012-02-18 10:12,train
opx,P4-19-5,58.36,0,1.67,5.1,0.13,36.61,0.34,0,0,0.29,0.06,0,102.56,2012-03-14 1:03,test
opx,P4-22-8,57.66,0.02,2.2,4.99,0.14,36.67,0.38,0.01,0,0.4,0.07,0.01,102.56,2012-03-14 2:29,train
opx,P4-18-5,59,0,1.45,5.02,0.15,36.73,0.26,0,0.08,0.21,0.05,0.01,102.96,2012-03-14 0:43,train
opx,P4-21-7,58.61,0,1.44,5.15,0.15,36.83,0.26,0,0.01,0.2,0.06,0,102.72,2012-03-14 1:58,test
opx,LB16-82,56.84,0,1.04,0.01,0.22,36.9,0.2,0.13,4.9,0.08,0,0.01,100.34,2012-02-17 22:28,train
opx,P1-12,34.8,0.01,2.5,5.85,0.06,37.83,0.02,0,0.01,0.36,0.14,0.01,81.57,2012-03-14 8:41,train
opx,LB7-48,41.34,0.01,0.03,-0.02,0.01,50.44,0.02,0.1,7.79,0.39,0,0,100.12,2011-10-29,train
sp,LB12-16,0.6,0,41.21,0.1,27.66,19.67,0.03,0.12,10.54,0.22,0.01,0,100.16,2012-02-16 21:05,test
sp,LB12-17,0.06,0,40.93,0.11,29.06,18.96,0.01,0.12,10.4,0.2,0,0,99.87,2012-02-16 21:08,train
sp,LB12-18,0.03,0.01,42.13,0.12,28.39,18.91,0.01,0.1,10.32,0.22,0,0.01,100.24,2012-02-16 21:12,train
sp,LB12-27,0.05,0.02,41.04,0.11,27.67,19.53,0,0.1,10.43,0.24,0,0.01,99.21,2012-02-16 21:46,test
sp,LB12-28,0.1,0.01,41.95,0.11,26.79,19.53,0,0.11,10.41,0.24,0,0.01,99.26,2012-02-16 21:50,train
sp,LB12-29,0.4,0,41.47,0.1,27.27,18.83,0,0.1,10.39,0.24,0,0,98.81,2012-02-16 21:54,train
sp,LB12-35,2.69,0,38.84,0.1,26.04,21.07,0,0.1,10.19,0.24,0,0,99.27,2012-02-16 22:17,test
sp,LB12-42,0.09,0,41.56,0.1,27.33,19.34,0.01,0.11,10.14,0.25,0.02,0.01,98.97,2012-02-16 22:44,train
sp,LB12-45,0.02,0,39.45,0.08,30.27,17.24,0.01,0.14,11.8,0.16,0,0.01,99.19,2012-02-16 22:55,train
sp,LB12-47,0.01,0,39.66,0.11,29.52,17.61,0.02,0.15,11.24,0.16,0.01,0.02,98.52,2012-02-16 23:03,test
sp,LB12-48,0.05,0,40.07,0.1,30.32,17.75,0.01,0.13,11.36,0.16,0,0.01,99.96,2012-02-16 23:07,train
sp,LB12-51,0.02,0,39.8,0.1,30.15,17.33,0.07,0.14,11.94,0.14,0,0,99.69,2012-02-16 23:18,train
sp,LB12-55,0,0,39.43,0.1,30.16,18.26,0.02,0.13,11.19,0.18,0,0,99.48,2012-02-16 23:34,test
sp,LB12-58,0.03,0,40.09,0.09,30.14,17.19,0.06,0.15,12,0.14,0,0,99.89,2012-02-16 23:46,train
sp,LB12-65,0.04,0.04,40.25,0.1,29.48,17.65,0,0.15,11.63,0.15,0.01,0,99.5,2012-02-17 0:13,train
sp,LB12-66,0.05,0.01,40.42,0.11,29.82,17.75,0.01,0.12,11.46,0.16,0,0.01,99.91,2012-02-17 0:17,train
sp,LB12-67,0.02,0.01,40.21,0.11,28.99,18.74,0,0.12,11.03,0.19,0,0,99.42,2012-02-17 0:21,test
sp,LB12-69,0.03,0.01,40.13,0.1,29.85,18.21,0.01,0.11,11.05,0.17,0.02,0.01,99.69,2012-02-17 0:28,train
sp,LB12-81,0.02,0.01,39.87,0.1,30,17.76,0.05,0.12,11.46,0.15,0.01,0.01,99.56,2012-02-17 1:14,train
sp,LB12-95,0.63,0.01,37.34,0.08,24.37,17.63,0.1,0.11,19.98,0.17,0,0.01,100.43,2012-02-17 2:08,test
sp,LB12-100,0.06,0,41.08,0.09,28.53,17.8,0,0.14,11.59,0.16,0.01,0.01,99.48,2012-02-17 2:27,train
sp,LB12-101,0.03,0,41.2,0.09,28.39,18.71,0,0.11,10.48,0.19,0,0,99.2,2012-02-17 2:31,train
sp,LB12-111,0.07,0,42.09,0.11,27.22,18.86,0.05,0.13,10.47,0.22,0,0.01,99.25,2012-02-17 3:10,train
sp,LB12-118,0.03,0,39.66,0.13,30.68,18.4,0,0.11,10.98,0.14,0,0,100.15,2012-02-17 3:37,train
sp,LB16-1,0.03,0.01,24.39,0.17,46.64,13.92,0,0.2,14.27,0.05,0.01,0,99.67,2012-02-17 17:13,test
sp,LB16-2,0.03,0.02,25.08,0.17,46.56,14.11,0,0.22,13.97,0.06,0,0.01,100.24,2012-02-17 17:17,train
sp,LB16-4,1.3,0.01,27.18,0.16,41.94,15.21,0.01,0.17,13.25,0.1,0,0.01,99.35,2012-02-17 17:25,train
sp,LB16-15,0.47,0,25.97,0.16,43.6,16.11,0,0.15,13.17,0.07,0.01,0,99.71,2012-02-17 18:07,train
sp,LB16-25,0.03,0.01,26.04,0.16,45.04,14.17,0,0.19,14.22,0.04,0.01,0,99.92,2012-02-17 18:45,test
sp,LB16-27,0.03,0,25.54,0.2,45.34,13.99,0,0.18,14.29,0.06,0,0,99.63,2012-02-17 18:52,train
sp,LB16-28,0.02,0,26.41,0.18,44.69,13.84,0.01,0.17,14.55,0.09,0.01,0.01,99.97,2012-02-17 18:56,train
sp,LB16-47,0.05,0,26.09,0.16,44.46,13.95,0.05,0.19,13.94,0.08,0.01,0.01,98.98,2012-02-17 20:10,test
sp,LB16-58,0.02,0.02,25,0.18,46.12,14.31,0.01,0.18,13.64,0.07,0.01,0,99.56,2012-02-17 20:54,train
sp,LB16-61,0.05,0.01,25.16,0.17,45.91,14.48,0,0.18,13.73,0.06,0,0,99.75,2012-02-17 21:05,train
sp,LB16-103,0.07,0,24.66,0.18,46.04,14.24,0.01,0.18,13.66,0.06,0.01,0.01,99.12,2012-02-17 23:50,test
sp,LB16-107,0.04,0,25.42,0.15,45.77,14.12,0,0.19,13.79,0.07,0.01,0,99.57,2012-02-18 0:06,train
sp,LB16-108,1.68,0.02,23.31,0.17,43.32,14.42,0,0.2,15.29,0.16,0,0.13,98.68,2012-02-18 0:09,train
sp,LB3-4,0.08,0,40.11,0.13,28.78,17.01,0.17,0.15,12.37,0.15,0,0.01,98.96,2012-02-18 1:48,test
sp,LB3-7,0.05,0,40.63,0.14,29.06,17.26,0.02,0.16,12.41,0.19,0.01,0,99.94,2012-02-18 2:00,train
sp,LB3-9,0.19,0.13,33.87,0.17,35.42,17.84,0.14,0.13,11.33,0.2,0.01,0.01,99.43,2012-02-18 2:08,train
sp,LB3-17,0.04,0,40.18,0.17,29.02,17.32,0,0.15,12.37,0.16,0.01,0.01,99.42,2012-02-18 2:39,train
sp,LB3-19,0.04,0,40.54,0.15,28.79,17.21,0,0.15,12.54,0.16,0.01,0,99.59,2012-02-18 2:47,test
sp,LB3-20,0.02,0.01,40.42,0.15,28.87,17.29,0.01,0.15,12.55,0.18,0,0,99.65,2012-02-18 2:51,train
sp,LB3-23,0.04,0.01,39.77,0.15,29.53,17.6,0.01,0.13,11.97,0.16,0,0,99.38,2012-02-18 3:03,train
sp,LB3-44,0.03,0,39.02,0.16,30.28,17.07,0.01,0.15,12.62,0.18,0.02,0.01,99.54,2012-02-18 4:25,test
sp,LB3-45,0.06,0.22,33.08,0.13,34.54,17.96,0.05,0.17,13.19,0.2,0,0.01,99.6,2012-02-18 4:29,train
sp,LB3-50,3.05,0.33,27.32,0.29,34.4,19.07,0.04,0.27,13.98,0.19,0.01,1.09,100.03,2012-02-18 4:49,train
sp,LB3-52,1.02,0.01,37.35,0.14,29.34,19.11,0.14,0.14,11.31,0.19,0.01,0.02,98.76,2012-02-18 4:57,test
sp,LB3-62,0.26,0.43,31.58,0.2,35.93,17.74,0.48,0.16,11.91,0.18,0.04,0.08,98.98,2012-02-18 5:37,train
sp,LB3-74,0.05,0,39.45,0.16,29.83,16.89,0.02,0.13,12.48,0.15,0.01,0,99.16,2012-02-18 6:24,train
sp,LB3-80,0.06,0,39.93,0.16,29.64,17.27,0,0.16,12.47,0.18,0,0,99.88,2012-02-18 6:48,test
sp,LB10-6,0.02,0.01,34.37,0.12,36.31,15.77,0,0.17,12.51,0.09,0,0.01,99.38,2012-02-18 8:12,train
sp,LB10-8,0.06,0.03,36.32,0.1,33.06,19.12,0,0.18,10.81,0.09,0.01,0.02,99.8,2012-02-18 8:19,train
sp,LB10-19,0.04,0,35.47,0.1,34.5,17.93,0,0.14,10.77,0.08,0,0.01,99.05,2012-02-18 9:03,train
sp,LB10-32,0.05,0.01,33.9,0.11,35.5,17.18,0,0.16,11.76,0.11,0.01,0,98.79,2012-02-18 9:56,test
sp,LB14-2,0.01,0,30.35,0.17,40.14,14.7,0,0.18,13.77,0.05,0.01,0.01,99.4,2012-02-18 10:08,train
sp,LB14-4,0.05,0.02,30.06,0.15,40.03,14.95,0,0.18,13.78,0.06,0.01,0.01,99.29,2012-02-18 10:16,train
sp,LB14-8,0.02,0.02,29.74,0.16,40.37,14.96,0,0.18,13.81,0.06,0,0,99.32,2012-02-18 10:32,test
sp,LB13-48,0.02,0.02,36.43,0.14,32.12,16.77,0.01,0.17,12.86,0.12,0.01,0,98.67,2012-02-22 1:30,train
sp,LB11-13,0.04,0,33.17,0.11,36.85,15.53,0,0.17,13.09,0.08,0,0.01,99.04,2012-03-02 17:49,train
sp,LB11-32,0.03,0,34.1,0.1,35.8,16.1,0.01,0.18,12.74,0.08,0,0,99.14,2012-03-02 19:00,test
sp,LB11-33,0.02,0,34.48,0.12,35.72,16.03,0,0.18,12.69,0.1,0,0,99.33,2012-03-02 19:04,train
sp,LB13-19,0.05,0.01,35.18,0.16,33.34,17.67,0.06,0.12,11.76,0.13,0,0.02,98.51,2012-03-02 21:00,train
sp,LB13-25,0.02,0.01,35.68,0.17,33.42,17.02,0.01,0.14,12.13,0.13,0,0,98.76,2012-03-02 21:23,train
sp,LB7-61,0.03,0.06,21.31,0.19,48.43,14.43,0.02,0.2,14.65,0.11,0.01,0,99.43,2012-03-02 22:39,test
sp,LB7-65,0.07,0.03,21.58,0.21,47.3,13.45,0.1,0.22,16.01,0.11,0,0.02,99.08,2012-03-02 22:54,train
sp,LB7-70,0.05,0.06,21.25,0.18,47.86,13.61,0.06,0.21,15.65,0.1,0.01,0.01,99.05,2012-03-02 23:13,train
